City,Date,PM2.5,PM10,NOx,NH3,CO,SO2,O3,AQI,AQI_Bucket
Brajrajnagar,2017-12-07,171.38,311.68,,7.78,3.26,5.83,4.69,340.0,Very Poor
Brajrajnagar,2017-12-08,126.67,192.81,,7.97,2.94,5.43,10.51,304.0,Very Poor
Brajrajnagar,2017-12-09,105.11,154.39,,8.15,2.83,5.1,10.33,291.0,Poor
Brajrajnagar,2017-12-10,65.25,99.73,,7.9,2.74,4.75,8.37,189.0,Moderate
Brajrajnagar,2017-12-12,144.54,218.14,,8.48,2.72,8.54,30.14,319.0,Very Poor
Brajrajnagar,2017-12-13,153.61,227.43,,8.9,2.78,7.84,16.28,320.0,Very Poor
Brajrajnagar,2017-12-14,129.38,199.46,,9.13,2.76,6.52,7.1,319.0,Very Poor
Brajrajnagar,2017-12-15,115.35,178.56,,8.88,2.7,6.04,7.03,302.0,Very Poor
Brajrajnagar,2017-12-16,102.0,165.18,,8.54,2.58,5.74,7.0,267.0,Poor
Brajrajnagar,2017-12-17,76.19,128.13,,8.03,2.45,5.51,7.53,191.0,Moderate
Brajrajnagar,2017-12-18,72.55,124.51,,7.18,2.5,5.91,7.15,138.0,Moderate
Brajrajnagar,2017-12-19,70.49,118.77,0.06,6.96,2.78,4.29,6.41,155.0,Moderate
Brajrajnagar,2018-02-02,131.83,276.46,56.08,8.92,4.72,12.65,18.97,308.0,Very Poor
Brajrajnagar,2018-02-03,106.75,216.39,50.97,8.84,4.7,11.73,18.93,282.0,Poor
Brajrajnagar,2018-02-04,114.74,223.01,48.11,9.16,4.69,11.49,18.67,285.0,Poor
Brajrajnagar,2018-02-05,129.1,262.29,54.35,9.48,4.64,10.65,12.73,267.0,Poor
Brajrajnagar,2018-02-06,138.58,268.78,47.81,10.17,4.71,10.92,15.47,310.0,Very Poor
Brajrajnagar,2018-02-07,122.68,226.39,48.53,10.63,4.71,10.49,10.78,316.0,Very Poor
Brajrajnagar,2018-02-08,141.36,263.44,49.79,10.27,4.48,11.55,15.09,300.0,Poor
Brajrajnagar,2018-02-09,107.02,206.24,44.01,9.86,4.48,10.8,17.8,307.0,Very Poor
Brajrajnagar,2018-02-10,76.89,148.86,34.03,9.6,4.14,8.26,13.14,179.0,Moderate
Brajrajnagar,2018-02-11,75.71,145.18,33.81,9.13,4.1,9.56,13.63,160.0,Moderate
Brajrajnagar,2018-02-12,64.48,106.39,28.16,9.61,4.01,8.13,12.38,145.0,Moderate
Brajrajnagar,2018-02-13,38.64,84.51,24.37,8.96,3.89,7.21,13.41,125.0,Moderate
Brajrajnagar,2018-02-14,32.99,62.38,26.62,8.42,3.59,9.2,13.92,124.0,Moderate
Brajrajnagar,2018-02-15,74.1,135.13,35.01,8.89,3.62,8.3,13.72,127.0,Moderate
Brajrajnagar,2018-02-16,76.03,158.72,37.8,8.62,3.63,8.64,14.53,133.0,Moderate
Brajrajnagar,2018-02-17,84.71,191.72,46.95,9.2,3.7,7.61,9.66,191.0,Moderate
Brajrajnagar,2018-02-18,109.21,276.97,45.95,8.62,3.81,13.52,13.3,196.0,Moderate
Brajrajnagar,2018-02-19,133.97,296.79,46.29,9.47,3.96,12.02,16.2,303.0,Very Poor
Brajrajnagar,2018-02-20,109.11,228.41,47.19,10.31,3.95,10.01,11.94,302.0,Very Poor
Brajrajnagar,2018-02-21,82.44,182.86,40.92,10.98,3.84,10.91,10.93,214.0,Poor
Brajrajnagar,2018-02-22,88.45,214.45,49.38,10.39,3.86,20.18,15.95,176.0,Moderate
Brajrajnagar,2018-02-23,132.04,277.7,53.14,11.25,4.06,19.71,15.9,265.0,Poor
Brajrajnagar,2018-02-24,111.8,247.37,53.56,11.9,4.09,18.65,18.07,300.0,Poor
Brajrajnagar,2018-02-25,113.7,237.12,50.49,12.22,4.03,16.0,15.44,282.0,Poor
Brajrajnagar,2018-02-26,74.27,154.49,40.33,11.48,3.75,14.98,10.83,184.0,Moderate
Brajrajnagar,2018-02-27,66.41,152.61,48.0,12.9,3.88,15.16,11.3,175.0,Moderate
Brajrajnagar,2018-02-28,79.47,175.17,37.71,12.43,3.86,15.25,10.51,129.0,Moderate
Brajrajnagar,2018-03-01,97.62,216.82,46.95,13.25,4.04,15.44,10.33,194.0,Moderate
Brajrajnagar,2018-03-02,107.49,202.08,35.7,13.3,4.29,17.98,18.73,249.0,Poor
Brajrajnagar,2018-03-03,138.61,270.48,37.73,12.69,4.45,17.19,15.51,298.0,Poor
Brajrajnagar,2018-03-04,138.76,280.15,44.61,11.49,4.34,17.91,18.27,312.0,Very Poor
Brajrajnagar,2018-03-05,105.42,225.99,37.84,11.05,4.2,16.3,12.29,312.0,Very Poor
Brajrajnagar,2018-03-06,107.43,198.72,44.26,10.97,3.97,16.42,13.16,208.0,Poor
Brajrajnagar,2018-03-07,101.91,195.56,39.12,10.54,4.02,16.17,15.68,241.0,Poor
Brajrajnagar,2018-03-08,74.6,138.09,33.16,9.71,3.96,15.13,14.92,238.0,Poor
Brajrajnagar,2018-03-09,101.02,194.6,41.21,9.57,3.9,15.67,15.6,135.0,Moderate
Brajrajnagar,2018-03-10,111.29,226.09,48.81,9.98,4.26,16.68,17.43,301.0,Very Poor
Brajrajnagar,2018-03-11,191.33,318.98,49.48,10.58,4.53,17.73,16.97,316.0,Very Poor
Brajrajnagar,2018-03-12,175.92,332.84,55.81,10.63,4.45,17.75,18.33,355.0,Very Poor
Brajrajnagar,2018-03-13,142.27,252.49,50.91,9.8,4.36,17.18,17.68,325.0,Very Poor
Brajrajnagar,2018-03-14,165.82,294.65,51.19,9.69,4.43,18.57,22.26,325.0,Very Poor
Brajrajnagar,2018-03-15,165.11,294.93,55.0,10.56,4.6,18.19,15.22,341.0,Very Poor
Brajrajnagar,2018-03-16,70.35,98.68,45.66,11.91,4.06,16.1,7.82,245.0,Poor
Brajrajnagar,2018-03-17,84.67,156.42,42.94,11.94,3.93,15.71,14.21,149.0,Moderate
Brajrajnagar,2018-03-18,98.35,205.38,44.13,11.1,4.02,15.03,13.23,217.0,Poor
Brajrajnagar,2018-03-19,84.18,185.76,34.87,9.49,3.91,14.55,16.45,195.0,Moderate
Brajrajnagar,2018-03-20,123.81,273.73,44.82,9.25,4.07,15.87,17.03,237.0,Poor
Brajrajnagar,2018-03-21,142.71,264.81,53.94,10.39,4.44,17.09,9.57,321.0,Very Poor
Brajrajnagar,2018-03-22,81.95,150.97,38.83,10.33,3.99,15.48,15.65,243.0,Poor
Brajrajnagar,2018-03-23,109.51,211.11,50.59,10.07,4.17,15.2,14.9,246.0,Poor
Brajrajnagar,2018-03-24,104.98,206.05,50.16,9.65,4.17,14.84,14.63,247.0,Poor
Brajrajnagar,2018-03-25,112.66,234.69,42.32,9.72,4.14,14.75,16.8,232.0,Poor
Brajrajnagar,2018-03-26,102.38,241.51,45.76,9.11,4.19,15.85,20.36,272.0,Poor
Brajrajnagar,2018-03-27,138.98,296.39,47.54,10.59,4.62,16.99,22.25,296.0,Poor
Brajrajnagar,2018-03-28,190.61,284.15,48.47,11.78,4.49,19.25,23.54,334.0,Very Poor
Brajrajnagar,2018-03-29,170.06,326.35,52.73,11.13,4.61,20.89,16.73,337.0,Very Poor
Brajrajnagar,2018-03-30,152.57,316.75,57.05,11.23,4.77,20.84,16.11,345.0,Very Poor
Brajrajnagar,2018-03-31,110.16,246.8,46.1,11.29,4.42,18.2,18.2,284.0,Poor
Brajrajnagar,2018-04-01,59.95,155.03,29.54,10.25,4.08,16.48,16.94,210.0,Poor
Brajrajnagar,2018-04-02,60.56,99.16,27.45,10.02,3.92,15.79,16.75,125.0,Moderate
Brajrajnagar,2018-04-03,82.22,157.33,31.56,10.55,4.01,16.16,18.95,133.0,Moderate
Brajrajnagar,2018-04-04,60.63,123.03,30.6,10.33,4.0,15.32,13.01,180.0,Moderate
Brajrajnagar,2018-04-05,62.08,131.56,32.1,10.25,3.83,14.87,20.89,124.0,Moderate
Brajrajnagar,2018-04-06,53.48,118.71,26.77,9.16,3.72,14.75,23.32,123.0,Moderate
Brajrajnagar,2018-04-07,47.96,84.93,22.92,8.52,3.55,13.86,20.06,121.0,Moderate
Brajrajnagar,2018-04-08,65.81,107.11,24.24,7.77,3.51,14.64,20.7,120.0,Moderate
Brajrajnagar,2018-04-09,48.4,101.29,25.46,8.42,3.55,13.96,19.92,136.0,Moderate
Brajrajnagar,2018-04-10,51.76,106.64,21.38,7.86,3.43,13.32,20.56,118.0,Moderate
Brajrajnagar,2018-04-11,62.35,133.3,25.47,7.31,3.52,13.43,21.43,122.0,Moderate
Brajrajnagar,2018-04-12,53.98,119.41,25.26,7.61,3.42,13.44,17.38,131.0,Moderate
Brajrajnagar,2018-04-13,66.41,148.03,26.9,8.06,3.38,13.28,13.64,119.0,Moderate
Brajrajnagar,2018-04-14,72.11,171.44,25.85,8.97,3.43,13.1,20.82,165.0,Moderate
Brajrajnagar,2018-04-15,59.53,134.21,23.92,9.01,3.37,13.05,20.1,137.0,Moderate
Brajrajnagar,2018-04-16,66.7,157.14,27.44,8.93,3.35,13.8,23.5,128.0,Moderate
Brajrajnagar,2018-04-17,71.55,160.58,24.71,9.42,3.5,13.34,22.42,162.0,Moderate
Brajrajnagar,2018-04-18,63.99,129.83,42.5,9.26,3.47,12.91,12.92,120.0,Moderate
Brajrajnagar,2018-04-19,90.1,217.95,54.51,9.26,3.55,13.04,12.41,160.0,Moderate
Brajrajnagar,2018-04-20,80.52,177.28,44.24,10.35,3.59,13.34,24.14,226.0,Poor
Brajrajnagar,2018-04-21,59.15,141.27,24.81,9.72,3.28,13.13,23.52,120.0,Moderate
Brajrajnagar,2018-04-22,84.31,199.05,35.41,10.58,3.71,13.85,13.79,162.0,Moderate
Brajrajnagar,2018-04-23,63.4,162.61,30.97,10.0,3.34,12.87,15.67,152.0,Moderate
Brajrajnagar,2018-04-24,66.68,157.02,28.73,9.78,3.24,13.7,18.19,131.0,Moderate
Brajrajnagar,2018-04-25,84.36,203.02,33.99,9.89,3.38,13.78,21.32,149.0,Moderate
Brajrajnagar,2018-04-26,84.04,227.33,36.4,10.04,3.56,14.15,28.11,235.0,Poor
Brajrajnagar,2018-04-27,70.22,169.4,27.35,9.27,3.3,14.21,26.7,146.0,Moderate
Brajrajnagar,2018-04-28,43.2,115.78,19.0,8.81,3.23,13.55,29.9,125.0,Moderate
Brajrajnagar,2018-04-29,27.32,88.77,22.91,12.42,3.38,13.08,30.29,116.0,Moderate
Brajrajnagar,2018-04-30,11.39,31.08,23.21,14.69,3.58,13.36,19.03,120.0,Moderate
Brajrajnagar,2018-05-01,49.8,95.59,23.04,14.5,3.54,13.66,12.87,118.0,Moderate
Brajrajnagar,2018-05-02,30.34,71.62,23.4,13.56,3.35,13.32,30.1,117.0,Moderate
Brajrajnagar,2018-05-03,40.96,79.29,20.84,11.3,3.13,12.72,20.38,115.0,Moderate
Brajrajnagar,2018-05-04,56.56,126.57,29.18,9.88,3.25,12.74,26.05,119.0,Moderate
Brajrajnagar,2018-05-05,64.78,159.85,28.14,9.21,3.32,12.87,26.57,124.0,Moderate
Brajrajnagar,2018-05-06,67.12,167.38,26.82,8.49,3.28,12.88,29.03,134.0,Moderate
Brajrajnagar,2018-05-07,66.6,147.27,22.09,7.6,3.19,13.14,33.22,139.0,Moderate
Brajrajnagar,2018-05-08,80.49,170.83,25.71,7.85,3.3,13.48,27.09,182.0,Moderate
Brajrajnagar,2018-05-09,92.4,232.53,24.53,7.61,2.7,13.12,24.27,141.0,Moderate
Brajrajnagar,2018-05-10,65.29,159.02,23.7,10.42,3.3,13.13,31.11,155.0,Moderate
Brajrajnagar,2018-05-11,61.67,140.15,20.99,10.84,3.18,13.2,28.72,132.0,Moderate
Brajrajnagar,2018-05-12,49.68,112.47,20.66,9.41,3.12,13.03,32.84,118.0,Moderate
Brajrajnagar,2018-05-13,52.02,110.69,23.32,8.51,3.17,12.99,28.89,119.0,Moderate
Brajrajnagar,2018-05-14,35.89,67.19,20.7,8.07,3.14,12.74,17.21,116.0,Moderate
Brajrajnagar,2018-05-15,45.36,74.62,20.32,7.52,3.17,12.69,23.72,116.0,Moderate
Brajrajnagar,2018-05-16,53.9,107.07,23.14,7.53,3.14,12.71,28.91,116.0,Moderate
Brajrajnagar,2018-05-17,56.8,133.44,20.2,7.14,3.06,12.53,27.16,116.0,Moderate
Brajrajnagar,2018-05-18,52.0,120.05,17.18,6.6,3.05,12.6,31.76,125.0,Moderate
Brajrajnagar,2018-05-19,53.83,97.81,20.93,6.37,3.08,12.4,18.8,114.0,Moderate
Brajrajnagar,2018-05-20,61.45,124.05,22.14,5.91,3.16,12.69,27.95,130.0,Moderate
Brajrajnagar,2018-05-21,50.51,100.95,17.79,5.78,3.03,12.64,24.89,113.0,Moderate
Brajrajnagar,2018-05-22,72.02,134.28,22.28,5.54,3.15,12.52,22.75,118.0,Moderate
Brajrajnagar,2018-05-23,56.13,95.61,18.01,5.25,3.15,12.5,25.15,154.0,Moderate
Brajrajnagar,2018-05-24,46.32,92.4,18.03,4.71,2.99,12.47,27.18,113.0,Moderate
Brajrajnagar,2018-05-25,51.03,99.86,17.16,4.48,2.97,12.43,25.04,113.0,Moderate
Brajrajnagar,2018-05-26,50.59,108.1,18.76,4.39,2.97,12.53,25.46,113.0,Moderate
Brajrajnagar,2018-05-27,41.71,84.85,18.81,4.07,2.92,12.74,26.14,112.0,Moderate
Brajrajnagar,2018-05-28,53.87,98.28,19.75,4.64,3.0,12.79,24.01,114.0,Moderate
Brajrajnagar,2018-05-29,41.89,88.67,17.9,4.95,2.99,12.85,24.37,114.0,Moderate
Brajrajnagar,2018-05-30,45.66,106.31,18.44,5.56,2.98,12.76,26.32,112.0,Moderate
Brajrajnagar,2018-05-31,38.05,61.23,17.52,6.58,2.96,12.51,16.82,113.0,Moderate
Brajrajnagar,2018-06-04,11.05,32.12,19.19,7.98,2.94,12.89,18.96,112.0,Moderate
Brajrajnagar,2018-06-05,50.06,97.1,14.55,10.2,2.57,12.78,15.23,107.0,Moderate
Brajrajnagar,2018-06-06,55.84,100.01,15.49,15.1,2.38,12.77,13.33,105.0,Moderate
Brajrajnagar,2018-06-07,42.67,74.46,12.19,14.54,2.36,12.53,19.24,106.0,Moderate
Brajrajnagar,2018-06-08,49.76,70.51,13.0,16.14,2.45,12.42,16.37,106.0,Moderate
Brajrajnagar,2018-06-09,55.9,79.68,14.51,15.24,2.56,12.48,13.69,108.0,Moderate
Brajrajnagar,2018-06-10,47.22,61.64,14.1,12.38,2.63,12.34,16.47,111.0,Moderate
Brajrajnagar,2018-06-11,41.95,60.84,13.97,10.41,2.57,12.31,13.8,108.0,Moderate
Brajrajnagar,2018-06-12,32.83,,12.23,8.92,2.47,12.19,18.76,107.0,Moderate
Brajrajnagar,2018-06-13,39.46,,14.93,8.12,2.53,12.32,13.16,107.0,Moderate
Brajrajnagar,2018-06-14,66.26,,18.98,7.62,2.57,12.5,13.34,109.0,Moderate
Brajrajnagar,2018-06-15,88.97,,18.18,7.09,2.6,12.62,15.58,158.0,Moderate
Brajrajnagar,2018-06-16,87.78,,21.86,6.86,2.62,12.78,15.33,217.0,Poor
Brajrajnagar,2018-06-17,74.96,,25.62,6.58,2.74,12.8,14.78,167.0,Moderate
Brajrajnagar,2018-06-18,62.05,,20.41,6.29,2.61,12.62,14.15,126.0,Moderate
Brajrajnagar,2018-06-19,38.68,103.39,17.58,6.0,2.51,12.52,16.33,108.0,Moderate
Brajrajnagar,2018-06-20,46.46,105.66,16.96,6.5,2.5,12.38,15.69,107.0,Moderate
Brajrajnagar,2018-06-21,47.81,95.03,15.83,7.47,2.54,12.39,16.86,110.0,Moderate
Brajrajnagar,2018-06-22,35.95,53.61,14.5,7.48,2.56,12.32,16.06,109.0,Moderate
Brajrajnagar,2018-06-23,44.95,79.31,17.18,7.0,2.56,12.32,12.49,108.0,Moderate
Brajrajnagar,2018-06-24,43.18,84.77,17.69,6.5,2.59,12.6,12.76,109.0,Moderate
Brajrajnagar,2018-06-25,30.19,70.34,15.34,5.92,2.5,12.75,18.13,108.0,Moderate
Brajrajnagar,2018-06-26,30.66,53.71,15.74,5.84,2.5,12.38,7.73,107.0,Moderate
Brajrajnagar,2018-06-27,22.36,43.09,14.74,5.69,2.57,12.18,6.19,108.0,Moderate
Brajrajnagar,2018-06-28,18.95,38.45,11.8,5.04,2.48,12.34,10.2,108.0,Moderate
Brajrajnagar,2018-06-29,32.68,63.16,15.3,5.0,2.52,12.43,9.39,107.0,Moderate
Brajrajnagar,2018-06-30,46.65,94.54,16.84,4.88,2.6,12.53,10.8,109.0,Moderate
Brajrajnagar,2018-07-01,45.42,76.09,16.7,5.0,2.68,12.93,11.71,111.0,Moderate
Brajrajnagar,2018-07-02,30.04,53.49,13.04,4.76,2.46,12.34,11.21,106.0,Moderate
Brajrajnagar,2018-07-03,38.52,55.35,16.5,5.24,2.71,12.88,9.38,111.0,Moderate
Brajrajnagar,2018-07-04,36.48,62.09,16.28,4.94,2.43,12.62,8.97,108.0,Moderate
Brajrajnagar,2018-07-05,31.92,63.99,15.92,4.76,2.14,12.69,9.16,103.0,Moderate
Brajrajnagar,2018-07-06,37.85,78.56,15.1,4.64,2.17,12.43,9.26,103.0,Moderate
Brajrajnagar,2018-07-07,49.42,93.84,16.13,4.76,2.27,12.59,10.13,104.0,Moderate
Brajrajnagar,2018-07-08,31.45,53.03,14.25,4.56,2.19,12.7,8.26,103.0,Moderate
Brajrajnagar,2018-07-09,29.41,49.46,13.78,4.38,2.14,12.59,7.95,102.0,Moderate
Brajrajnagar,2018-07-10,27.87,50.74,14.95,4.48,2.22,12.64,7.22,104.0,Moderate
Brajrajnagar,2018-07-11,29.38,49.42,16.42,4.37,2.3,12.73,6.93,104.0,Moderate
Brajrajnagar,2018-07-12,30.48,44.06,14.36,4.88,2.28,12.93,7.72,105.0,Moderate
Brajrajnagar,2018-07-13,29.94,43.49,13.22,6.46,2.27,12.87,8.68,105.0,Moderate
Brajrajnagar,2018-07-14,25.35,37.98,11.45,7.8,2.08,12.27,8.23,102.0,Moderate
Brajrajnagar,2018-07-15,13.0,23.51,9.34,7.3,2.0,11.95,7.14,101.0,Moderate
Brajrajnagar,2018-07-16,17.13,25.16,13.31,6.94,2.07,12.26,6.28,101.0,Moderate
Brajrajnagar,2018-07-17,21.11,24.46,13.03,6.69,2.22,12.85,7.71,104.0,Moderate
Brajrajnagar,2018-07-18,28.94,38.86,13.13,6.25,2.13,12.68,6.81,102.0,Moderate
Brajrajnagar,2018-07-19,30.5,50.63,17.98,5.82,2.14,13.03,6.32,103.0,Moderate
Brajrajnagar,2018-07-20,35.52,63.88,16.51,5.59,1.94,12.49,6.27,100.0,Satisfactory
Brajrajnagar,2018-07-21,19.23,30.91,14.46,5.13,0.37,12.28,6.39,71.0,Satisfactory
Brajrajnagar,2018-07-22,18.05,22.7,14.14,4.93,0.0,12.24,6.61,34.0,Good
Brajrajnagar,2018-07-23,19.71,26.98,12.81,5.05,0.0,12.58,8.39,29.0,Good
Brajrajnagar,2018-07-24,28.03,47.39,16.18,4.87,0.0,12.83,7.14,43.0,Good
Brajrajnagar,2018-07-25,33.52,62.91,16.88,4.56,0.0,12.59,6.57,56.0,Satisfactory
Brajrajnagar,2018-07-26,24.83,39.98,15.73,4.4,0.0,12.34,6.54,54.0,Satisfactory
Brajrajnagar,2018-07-27,42.07,73.54,16.72,4.43,0.0,12.33,5.27,52.0,Satisfactory
Brajrajnagar,2018-07-28,42.07,77.33,16.31,4.27,0.0,12.46,5.78,77.0,Satisfactory
Brajrajnagar,2018-07-29,42.02,65.44,15.9,4.31,0.0,12.36,5.45,73.0,Satisfactory
Brajrajnagar,2018-07-30,52.31,92.27,15.26,4.4,0.0,12.6,7.02,84.0,Satisfactory
Brajrajnagar,2018-07-31,45.8,85.4,14.74,4.57,0.0,12.51,7.16,85.0,Satisfactory
Brajrajnagar,2018-08-01,37.79,54.85,14.81,4.77,0.0,12.32,5.51,74.0,Satisfactory
Brajrajnagar,2018-08-02,52.27,104.18,15.99,4.52,0.0,12.41,5.76,73.0,Satisfactory
Brajrajnagar,2018-08-03,70.94,122.95,18.95,4.74,0.0,12.86,6.29,122.0,Moderate
Brajrajnagar,2018-08-04,87.09,133.51,18.37,4.67,0.0,12.57,7.04,151.0,Moderate
Brajrajnagar,2018-08-05,52.13,134.21,15.31,4.59,0.0,12.66,6.7,164.0,Moderate
Brajrajnagar,2018-08-06,51.65,98.18,18.93,4.78,0.0,12.58,4.2,109.0,Moderate
Brajrajnagar,2018-08-07,28.62,46.5,14.68,4.58,0.0,12.3,4.72,81.0,Satisfactory
Brajrajnagar,2018-08-08,17.97,30.25,13.77,4.51,0.0,12.58,5.05,31.0,Good
Brajrajnagar,2018-08-09,33.1,49.71,15.92,4.78,0.0,12.67,5.75,41.0,Good
Brajrajnagar,2018-08-10,49.75,82.53,18.58,4.77,0.0,12.92,5.88,68.0,Satisfactory
Brajrajnagar,2018-08-11,58.33,86.3,18.51,4.63,0.0,13.08,5.7,96.0,Satisfactory
Brajrajnagar,2018-08-12,50.37,66.92,13.01,4.36,0.0,12.96,7.14,89.0,Satisfactory
Brajrajnagar,2018-08-13,29.61,59.97,12.25,4.25,0.0,12.52,6.13,71.0,Satisfactory
Brajrajnagar,2018-08-14,29.5,40.83,13.56,4.23,0.0,12.29,4.97,54.0,Satisfactory
Brajrajnagar,2018-08-15,12.71,24.15,9.64,4.07,0.0,12.01,5.62,39.0,Good
Brajrajnagar,2018-08-16,13.45,26.39,12.89,3.92,0.0,12.23,4.43,22.0,Good
Brajrajnagar,2018-08-17,25.56,40.18,15.15,3.95,0.0,12.83,4.82,29.0,Good
Brajrajnagar,2018-08-18,29.74,42.93,15.93,3.95,0.0,12.86,5.33,54.0,Satisfactory
Brajrajnagar,2018-08-19,28.27,44.95,12.89,3.79,0.2,12.88,5.71,54.0,Satisfactory
Brajrajnagar,2018-08-20,18.07,25.99,11.36,4.01,0.16,12.55,4.91,82.0,Satisfactory
Brajrajnagar,2018-08-21,18.22,26.34,11.58,3.85,0.03,12.58,5.99,38.0,Good
Brajrajnagar,2018-08-22,18.75,35.7,13.11,3.86,0.31,12.17,4.16,79.0,Satisfactory
Brajrajnagar,2018-08-23,36.16,55.98,15.44,3.78,0.32,12.32,4.43,76.0,Satisfactory
Brajrajnagar,2018-08-24,32.24,54.51,17.42,4.37,0.1,12.54,3.84,75.0,Satisfactory
Brajrajnagar,2018-08-25,36.63,42.47,17.84,4.7,0.45,12.66,3.71,88.0,Satisfactory
Brajrajnagar,2018-08-26,27.29,38.33,17.54,4.67,0.13,12.3,3.41,70.0,Satisfactory
Brajrajnagar,2018-08-27,32.51,46.53,16.27,4.46,0.17,12.65,3.83,72.0,Satisfactory
Brajrajnagar,2018-08-28,32.66,42.14,18.71,4.56,0.14,12.63,3.8,63.0,Satisfactory
Brajrajnagar,2018-08-29,38.0,53.97,16.74,4.54,0.25,12.59,4.85,65.0,Satisfactory
Brajrajnagar,2018-08-30,40.63,64.24,14.76,4.5,0.02,12.42,4.6,82.0,Satisfactory
Brajrajnagar,2018-10-17,,164.39,27.35,5.17,0.0,13.61,15.37,143.0,Moderate
Brajrajnagar,2018-10-18,,151.07,29.43,5.23,0.0,13.53,11.13,135.0,Moderate
Brajrajnagar,2018-10-19,,150.92,30.57,5.32,0.0,13.3,8.04,133.0,Moderate
Brajrajnagar,2018-10-20,,123.54,23.06,5.1,0.0,12.86,6.24,128.0,Moderate
Brajrajnagar,2018-10-21,,120.15,24.24,4.86,0.0,12.79,5.71,112.0,Moderate
Brajrajnagar,2018-10-22,,129.42,26.57,5.78,0.0,13.07,8.09,120.0,Moderate
Brajrajnagar,2018-10-23,,100.23,20.07,7.09,0.9,13.05,7.18,112.0,Moderate
Brajrajnagar,2018-10-24,6.6,102.69,21.14,10.53,2.76,12.65,8.21,141.0,Moderate
Brajrajnagar,2018-10-25,9.59,115.07,26.35,16.29,0.34,13.42,8.96,107.0,Moderate
Brajrajnagar,2018-10-26,,109.32,27.03,24.21,0.31,12.61,8.9,110.0,Moderate
Brajrajnagar,2018-10-27,,111.84,26.71,19.82,0.29,12.67,9.39,103.0,Moderate
Brajrajnagar,2018-10-28,,104.53,31.6,17.22,0.45,12.82,9.47,112.0,Moderate
Brajrajnagar,2018-10-29,,106.58,27.74,15.95,0.49,12.95,12.37,100.0,Satisfactory
Brajrajnagar,2018-10-30,73.58,92.89,27.01,18.64,0.48,12.36,7.85,99.0,Satisfactory
Brajrajnagar,2018-10-31,28.82,59.73,24.79,19.24,0.41,12.23,6.54,79.0,Satisfactory
Brajrajnagar,2018-11-01,50.79,89.2,34.02,16.21,0.45,12.63,7.49,59.0,Satisfactory
Brajrajnagar,2018-11-02,70.44,113.42,31.54,14.44,0.49,12.92,9.02,101.0,Moderate
Brajrajnagar,2018-11-03,69.02,111.27,39.44,13.21,0.55,13.67,7.43,165.0,Moderate
Brajrajnagar,2018-11-04,73.08,115.6,39.82,12.17,0.57,14.14,9.8,130.0,Moderate
Brajrajnagar,2018-11-05,70.58,110.05,33.03,11.46,0.57,13.59,11.38,141.0,Moderate
Brajrajnagar,2018-11-06,81.34,120.17,35.01,11.32,0.6,13.52,10.85,171.0,Moderate
Brajrajnagar,2018-11-07,122.91,159.59,26.43,11.08,0.51,12.92,11.98,187.0,Moderate
Brajrajnagar,2018-11-08,114.48,157.27,26.72,11.23,0.53,13.29,8.92,305.0,Very Poor
Brajrajnagar,2018-11-09,92.79,146.0,27.78,13.6,0.61,13.33,15.05,279.0,Poor
Brajrajnagar,2018-11-10,102.24,155.04,41.39,14.29,0.7,13.28,9.18,213.0,Poor
Brajrajnagar,2018-11-11,101.38,145.63,35.7,13.05,0.79,13.44,9.73,231.0,Poor
Brajrajnagar,2018-11-12,93.46,141.34,38.7,12.58,0.85,14.05,7.59,222.0,Poor
Brajrajnagar,2018-11-13,92.06,143.86,34.2,11.97,0.85,13.31,7.22,194.0,Moderate
Brajrajnagar,2018-11-14,99.58,164.79,32.23,11.46,0.96,13.51,9.18,220.0,Poor
Brajrajnagar,2018-11-15,86.54,142.06,28.04,11.27,1.09,13.43,3.81,237.0,Poor
Brajrajnagar,2018-12-05,128.64,223.86,41.76,54.24,1.29,15.16,9.16,307.0,Very Poor
Brajrajnagar,2018-12-06,128.42,192.96,38.45,53.31,1.36,15.05,7.28,308.0,Very Poor
Brajrajnagar,2018-12-07,106.56,174.97,34.84,50.44,1.37,14.31,7.71,286.0,Poor
Brajrajnagar,2018-12-08,92.9,155.62,33.55,75.35,1.29,13.7,8.45,214.0,Poor
Brajrajnagar,2018-12-09,107.16,166.89,36.95,86.39,1.45,14.31,7.11,229.0,Poor
Brajrajnagar,2018-12-10,101.21,160.22,41.17,68.07,1.48,15.63,6.76,255.0,Poor
Brajrajnagar,2018-12-11,95.17,139.71,40.13,68.04,1.47,13.89,6.18,228.0,Poor
Brajrajnagar,2018-12-12,110.42,158.99,41.2,66.8,1.59,14.13,5.94,235.0,Poor
Brajrajnagar,2018-12-13,119.8,174.11,37.49,46.7,1.57,14.26,4.37,284.0,Poor
Brajrajnagar,2018-12-14,119.32,179.41,36.55,53.39,1.66,14.16,5.71,306.0,Very Poor
Brajrajnagar,2018-12-15,88.44,151.27,32.59,48.19,1.4,13.53,7.16,233.0,Poor
Brajrajnagar,2018-12-16,63.54,99.01,27.25,46.91,1.27,12.87,8.05,158.0,Moderate
Brajrajnagar,2018-12-17,37.47,50.51,18.6,46.53,1.21,12.9,7.78,94.0,Satisfactory
Brajrajnagar,2018-12-18,36.58,47.74,22.92,45.58,1.2,12.85,7.04,63.0,Satisfactory
Brajrajnagar,2018-12-19,87.16,123.32,43.06,45.3,1.5,13.48,5.18,111.0,Moderate
Brajrajnagar,2018-12-20,86.88,140.22,36.79,46.29,1.52,13.38,5.38,177.0,Moderate
Brajrajnagar,2018-12-21,102.7,176.7,40.47,41.28,1.54,13.76,6.14,228.0,Poor
Brajrajnagar,2018-12-22,91.97,155.4,37.9,47.86,1.5,13.48,5.93,224.0,Poor
Brajrajnagar,2018-12-23,62.66,110.94,34.6,33.79,1.51,13.89,5.68,192.0,Moderate
Brajrajnagar,2018-12-24,79.99,145.42,38.21,43.89,2.25,14.08,7.09,119.0,Moderate
Brajrajnagar,2018-12-25,104.88,179.97,47.69,45.27,2.27,13.95,6.01,227.0,Poor
Brajrajnagar,2018-12-26,105.37,185.94,44.14,44.23,2.36,13.92,5.94,240.0,Poor
Brajrajnagar,2018-12-27,92.57,157.2,45.81,40.39,2.4,13.81,6.5,238.0,Poor
Brajrajnagar,2018-12-28,65.79,111.43,34.56,51.14,2.3,13.59,7.55,178.0,Moderate
Brajrajnagar,2018-12-29,87.11,154.42,38.96,43.57,2.47,13.66,9.49,132.0,Moderate
Brajrajnagar,2018-12-30,91.29,154.7,40.71,47.48,2.46,13.88,8.52,200.0,Moderate
Brajrajnagar,2018-12-31,113.28,187.85,45.54,62.13,2.7,14.5,7.55,236.0,Poor
Brajrajnagar,2019-01-01,122.13,193.0,45.11,59.95,2.82,14.38,8.11,297.0,Poor
Brajrajnagar,2019-01-02,134.63,204.6,43.58,47.97,2.93,16.19,7.94,297.0,Poor
Brajrajnagar,2019-01-03,144.01,212.12,43.34,50.6,3.0,15.81,8.42,323.0,Very Poor
Brajrajnagar,2019-01-04,114.33,200.21,43.45,53.25,2.82,15.05,7.91,297.0,Poor
Brajrajnagar,2019-01-05,111.2,182.96,47.47,65.87,2.89,15.69,6.65,269.0,Poor
Brajrajnagar,2019-01-06,111.65,168.12,43.59,84.16,3.0,16.07,7.24,286.0,Poor
Brajrajnagar,2019-01-07,115.3,175.98,40.47,62.08,3.04,15.34,7.3,278.0,Poor
Brajrajnagar,2019-01-08,120.05,170.37,34.61,42.75,3.02,15.05,8.18,303.0,Very Poor
Brajrajnagar,2019-01-09,115.84,162.16,32.74,42.79,3.03,14.86,6.98,284.0,Poor
Brajrajnagar,2019-01-10,107.48,170.41,38.12,53.42,2.88,14.78,7.42,248.0,Poor
Brajrajnagar,2019-01-11,129.34,199.63,43.04,47.04,3.0,15.67,7.77,267.0,Poor
Brajrajnagar,2019-01-12,144.95,224.11,49.01,42.17,3.21,17.73,7.27,316.0,Very Poor
Brajrajnagar,2019-01-13,157.16,225.75,43.45,51.35,3.19,17.69,10.11,329.0,Very Poor
Brajrajnagar,2019-01-14,158.4,230.38,40.66,38.75,3.31,16.54,7.91,334.0,Very Poor
Brajrajnagar,2019-01-15,101.16,164.46,37.58,40.1,2.96,15.77,8.69,295.0,Poor
Brajrajnagar,2019-01-16,97.91,166.85,45.64,36.76,3.0,18.08,8.76,212.0,Poor
Brajrajnagar,2019-01-17,130.42,216.35,46.25,43.46,3.14,17.84,9.94,240.0,Poor
Brajrajnagar,2019-01-18,131.1,216.29,47.63,58.18,3.25,16.63,7.99,319.0,Very Poor
Brajrajnagar,2019-01-19,100.96,175.79,43.13,58.95,3.14,16.29,8.08,266.0,Poor
Brajrajnagar,2019-01-20,103.75,170.98,44.53,44.08,3.22,16.09,7.4,241.0,Poor
Brajrajnagar,2019-01-21,111.26,185.23,45.14,42.84,3.28,16.85,7.24,250.0,Poor
Brajrajnagar,2019-01-22,118.98,195.88,49.1,43.36,3.41,17.2,8.82,301.0,Very Poor
Brajrajnagar,2019-01-23,111.07,184.91,50.44,79.99,3.26,17.1,9.17,280.0,Poor
Brajrajnagar,2019-01-24,131.46,214.98,58.49,66.53,3.04,16.68,6.42,295.0,Poor
Brajrajnagar,2019-01-25,78.32,131.06,37.38,45.27,3.19,15.71,6.86,270.0,Poor
Brajrajnagar,2019-01-26,53.22,72.18,27.14,41.3,3.01,14.57,6.87,126.0,Moderate
Brajrajnagar,2019-01-27,68.67,96.01,28.38,43.88,2.91,14.64,6.05,115.0,Moderate
Brajrajnagar,2019-01-28,93.22,143.45,41.44,44.76,3.2,14.62,5.2,199.0,Moderate
Brajrajnagar,2019-01-29,63.39,105.7,34.04,42.4,3.05,14.76,6.52,174.0,Moderate
Brajrajnagar,2019-01-30,95.81,169.49,45.2,40.63,3.12,15.49,6.86,128.0,Moderate
Brajrajnagar,2019-01-31,75.25,138.91,45.49,42.71,3.12,16.66,9.56,220.0,Poor
Brajrajnagar,2019-02-01,109.4,181.71,42.16,54.05,3.41,16.72,7.96,186.0,Moderate
Brajrajnagar,2019-02-02,112.37,185.58,41.22,88.66,3.4,15.83,6.6,283.0,Poor
Brajrajnagar,2019-02-03,108.57,180.8,44.82,97.03,3.46,16.13,9.01,275.0,Poor
Brajrajnagar,2019-02-04,103.6,181.73,41.42,76.88,3.38,16.28,10.05,246.0,Poor
Brajrajnagar,2019-02-05,112.37,190.29,38.73,34.35,3.57,16.15,10.62,268.0,Poor
Brajrajnagar,2019-02-06,128.36,221.16,45.15,42.57,3.48,16.6,11.94,293.0,Poor
Brajrajnagar,2019-02-07,114.28,209.55,42.75,39.77,3.35,16.89,13.31,295.0,Poor
Brajrajnagar,2019-02-08,84.99,135.97,39.96,33.08,3.3,15.69,6.92,250.0,Poor
Brajrajnagar,2019-02-09,56.43,93.57,30.68,39.83,3.04,14.89,6.34,130.0,Moderate
Brajrajnagar,2019-02-10,66.92,143.42,37.74,36.63,3.06,14.66,7.99,118.0,Moderate
Brajrajnagar,2019-02-11,84.77,170.2,46.87,34.29,3.15,17.35,7.13,138.0,Moderate
Brajrajnagar,2019-02-12,99.22,181.46,46.17,29.06,3.41,16.81,10.63,226.0,Poor
Brajrajnagar,2019-02-13,137.43,226.56,46.83,34.25,3.55,17.93,9.55,275.0,Poor
Brajrajnagar,2019-02-14,158.01,259.0,45.53,32.76,3.53,17.95,10.05,324.0,Very Poor
Brajrajnagar,2019-02-15,90.34,151.27,32.4,31.5,3.32,18.04,11.68,302.0,Very Poor
Brajrajnagar,2019-02-16,45.7,73.79,25.9,32.11,3.03,16.22,10.34,131.0,Moderate
Brajrajnagar,2019-02-17,64.14,104.07,40.98,32.26,3.32,15.88,8.86,121.0,Moderate
Brajrajnagar,2019-02-18,73.28,130.16,34.74,36.82,3.23,16.33,16.2,144.0,Moderate
Brajrajnagar,2019-02-19,99.7,200.58,44.39,38.51,3.27,16.92,9.92,168.0,Moderate
Brajrajnagar,2019-02-20,91.34,178.39,44.73,42.06,3.18,16.12,7.52,231.0,Poor
Brajrajnagar,2019-02-21,89.38,179.97,39.88,40.49,3.08,16.07,10.27,179.0,Moderate
Brajrajnagar,2019-02-22,122.22,214.29,43.86,47.36,3.37,16.56,13.14,284.0,Poor
Brajrajnagar,2019-02-23,82.11,152.68,35.33,38.59,3.16,15.47,9.65,219.0,Poor
Brajrajnagar,2019-02-24,89.27,161.18,34.99,41.07,3.02,16.13,9.42,156.0,Moderate
Brajrajnagar,2019-02-25,63.97,109.26,26.44,36.36,3.0,15.42,8.51,180.0,Moderate
Brajrajnagar,2019-02-26,66.18,106.57,31.93,41.48,2.91,15.91,6.45,115.0,Moderate
Brajrajnagar,2019-02-27,55.94,109.22,31.35,38.28,2.95,15.61,8.49,117.0,Moderate
Brajrajnagar,2019-02-28,52.12,114.31,30.4,43.34,2.76,14.34,6.88,113.0,Moderate
Brajrajnagar,2019-03-01,62.4,124.51,30.82,52.69,2.65,10.13,8.78,112.0,Moderate
Brajrajnagar,2019-03-02,94.98,173.6,34.41,45.64,2.87,4.11,8.91,152.0,Moderate
Brajrajnagar,2019-03-03,97.36,166.06,37.88,37.46,3.02,3.45,5.1,277.0,Poor
Brajrajnagar,2019-03-04,96.13,175.89,43.76,47.43,2.98,2.87,7.68,216.0,Poor
Brajrajnagar,2019-03-05,79.77,144.52,28.09,42.47,2.94,2.33,6.92,185.0,Moderate
Brajrajnagar,2019-03-06,64.82,125.25,24.35,64.58,2.76,4.89,10.01,133.0,Moderate
Brajrajnagar,2019-03-07,68.97,132.52,29.11,85.5,2.78,7.03,8.67,128.0,Moderate
Brajrajnagar,2019-03-08,76.1,145.91,34.0,88.02,2.76,7.42,10.58,135.0,Moderate
Brajrajnagar,2019-03-09,90.91,173.2,36.02,85.46,2.78,8.74,12.61,157.0,Moderate
Brajrajnagar,2019-03-10,104.21,214.24,45.85,89.78,2.98,8.33,10.8,261.0,Poor
Brajrajnagar,2019-03-11,92.27,182.18,37.73,70.45,2.82,7.54,10.01,191.0,Moderate
Brajrajnagar,2019-03-12,90.05,171.65,35.39,46.77,3.0,7.98,10.35,239.0,Poor
Brajrajnagar,2019-03-13,94.33,187.93,36.54,43.34,3.2,7.37,10.39,197.0,Moderate
Brajrajnagar,2019-03-14,64.14,121.46,29.38,52.54,2.92,7.23,10.42,189.0,Moderate
Brajrajnagar,2019-03-15,48.23,84.35,21.52,67.92,2.81,7.43,8.82,113.0,Moderate
Brajrajnagar,2019-03-16,82.61,151.14,25.51,42.63,2.81,7.71,6.92,116.0,Moderate
Brajrajnagar,2019-03-17,78.65,133.83,30.0,51.72,2.87,7.56,10.85,248.0,Poor
Brajrajnagar,2019-03-18,46.94,71.19,24.5,40.52,2.78,6.94,8.06,114.0,Moderate
Brajrajnagar,2019-03-19,74.06,118.82,29.66,51.75,2.84,7.7,9.26,118.0,Moderate
Brajrajnagar,2019-03-20,83.75,157.52,29.51,60.66,2.93,7.23,7.68,185.0,Moderate
Brajrajnagar,2019-03-21,53.78,79.64,20.29,40.96,2.66,7.19,15.17,124.0,Moderate
Brajrajnagar,2019-03-22,62.33,97.87,22.74,34.96,2.82,6.91,11.55,113.0,Moderate
Brajrajnagar,2019-03-23,71.83,118.77,24.0,39.39,2.76,6.85,11.53,116.0,Moderate
Brajrajnagar,2019-03-24,106.07,197.98,32.46,45.13,2.88,7.15,10.05,201.0,Poor
Brajrajnagar,2019-03-25,122.45,230.52,37.8,42.99,3.05,7.92,10.96,296.0,Poor
Brajrajnagar,2019-03-26,102.7,181.7,35.65,39.09,2.97,8.41,15.81,276.0,Poor
Brajrajnagar,2019-03-27,83.56,155.25,25.07,42.17,2.7,7.5,14.36,143.0,Moderate
Brajrajnagar,2019-03-28,83.68,171.41,31.27,41.95,2.86,7.07,16.78,236.0,Poor
Brajrajnagar,2019-03-29,116.02,219.56,38.58,35.46,3.11,8.19,18.46,248.0,Poor
Brajrajnagar,2019-03-30,119.74,217.75,38.51,34.89,3.14,9.51,15.81,284.0,Poor
Brajrajnagar,2019-03-31,112.65,217.1,35.38,36.47,3.18,8.91,20.16,290.0,Poor
Brajrajnagar,2019-04-01,78.38,138.53,26.1,40.46,2.88,8.53,19.62,190.0,Moderate
Brajrajnagar,2019-04-02,89.29,166.03,32.68,37.9,3.01,7.73,11.09,193.0,Moderate
Brajrajnagar,2019-04-03,123.03,215.27,36.0,39.56,3.18,9.28,18.31,268.0,Poor
Brajrajnagar,2019-04-04,130.81,226.76,36.1,64.59,3.25,9.57,20.76,307.0,Very Poor
Brajrajnagar,2019-04-11,30.06,107.91,32.56,56.28,2.4,7.58,12.15,105.0,Moderate
Brajrajnagar,2019-04-12,76.89,175.54,34.43,64.57,2.54,7.51,12.61,155.0,Moderate
Brajrajnagar,2019-04-13,72.91,152.94,27.96,102.72,2.21,7.43,16.54,131.0,Moderate
Brajrajnagar,2019-04-14,87.47,175.76,28.67,85.21,2.49,7.77,18.37,187.0,Moderate
Brajrajnagar,2019-04-15,131.29,258.62,43.97,78.67,2.92,9.85,8.91,247.0,Poor
Brajrajnagar,2019-04-19,,47.44,30.77,47.4,2.5,7.9,16.41,106.0,Moderate
Brajrajnagar,2019-04-20,33.0,54.8,27.15,30.66,2.38,7.62,8.4,106.0,Moderate
Brajrajnagar,2019-04-22,,70.1,93.59,33.55,1.9,7.67,21.67,114.0,Moderate
Brajrajnagar,2019-04-25,57.72,116.42,20.03,55.52,1.03,8.18,16.32,109.0,Moderate
Brajrajnagar,2019-04-26,63.83,139.07,31.07,49.01,2.13,7.85,12.23,116.0,Moderate
Brajrajnagar,2019-04-27,90.77,198.92,31.33,60.61,2.22,7.16,11.69,162.0,Moderate
Brajrajnagar,2019-04-28,95.05,216.03,31.41,74.68,2.36,7.1,13.64,210.0,Poor
Brajrajnagar,2019-04-29,123.52,261.52,52.66,89.8,2.56,9.27,6.94,255.0,Poor
Brajrajnagar,2019-04-30,25.63,70.82,19.94,60.71,1.48,7.97,20.53,108.0,Moderate
Brajrajnagar,2019-05-01,23.37,53.69,17.98,80.64,2.22,6.39,10.1,106.0,Moderate
Brajrajnagar,2019-05-02,10.79,42.33,21.32,64.38,2.18,7.26,7.45,105.0,Moderate
Brajrajnagar,2019-05-03,12.49,32.55,15.61,75.93,2.02,5.78,6.34,100.0,Satisfactory
Brajrajnagar,2019-05-04,,84.88,19.69,93.03,2.19,6.54,10.88,109.0,Moderate
Brajrajnagar,2019-05-09,77.54,188.21,20.44,77.06,1.41,6.61,23.56,192.0,Moderate
Brajrajnagar,2019-05-10,117.28,198.78,26.43,107.84,1.08,6.75,5.08,154.0,Moderate
Brajrajnagar,2019-05-12,59.41,120.36,25.26,54.54,1.53,7.2,28.22,130.0,Moderate
Brajrajnagar,2019-05-13,61.29,133.85,32.42,43.44,2.88,6.7,21.74,117.0,Moderate
Brajrajnagar,2019-05-14,47.47,122.49,13.74,34.93,1.19,6.58,11.4,120.0,Moderate
Brajrajnagar,2019-05-22,44.97,79.3,31.93,37.29,1.92,6.87,35.25,131.0,Moderate
Brajrajnagar,2019-05-23,45.14,90.69,23.27,28.21,1.92,7.85,33.42,114.0,Moderate
Brajrajnagar,2019-05-24,39.41,101.91,31.19,43.19,2.36,7.02,20.35,117.0,Moderate
Brajrajnagar,2019-05-25,44.87,146.4,24.03,38.61,3.17,6.85,19.72,124.0,Moderate
Brajrajnagar,2019-05-26,46.98,128.69,21.23,42.94,3.01,5.74,14.7,119.0,Moderate
Brajrajnagar,2019-05-27,58.45,138.62,25.04,41.92,3.17,7.38,17.3,136.0,Moderate
Brajrajnagar,2019-05-28,47.05,109.8,17.41,44.19,2.55,7.84,20.57,117.0,Moderate
Brajrajnagar,2019-05-29,36.04,69.37,0.1,1.56,0.02,2.41,,84.0,Satisfactory
Brajrajnagar,2019-05-30,34.15,96.5,9.99,42.33,1.43,8.34,41.24,96.0,Satisfactory
Brajrajnagar,2019-05-31,40.9,80.06,9.09,45.55,1.48,7.32,23.83,114.0,Moderate
Brajrajnagar,2019-06-01,14.37,46.73,12.93,41.43,1.52,7.76,35.05,76.0,Satisfactory
Brajrajnagar,2019-06-02,33.62,67.57,19.88,39.86,3.12,6.66,16.79,116.0,Moderate
Brajrajnagar,2019-06-03,,13.11,21.49,61.87,2.15,8.36,19.28,102.0,Moderate
Brajrajnagar,2019-06-04,32.78,74.12,17.11,55.93,3.06,7.46,24.42,117.0,Moderate
Brajrajnagar,2019-06-05,51.53,110.34,12.97,41.06,2.17,7.39,21.96,117.0,Moderate
Brajrajnagar,2019-06-06,36.15,72.44,13.17,39.23,2.01,7.65,23.08,112.0,Moderate
Brajrajnagar,2019-06-07,26.6,77.51,27.33,36.09,2.92,6.7,14.34,115.0,Moderate
Brajrajnagar,2019-06-08,8.32,60.9,25.27,37.53,3.25,8.06,17.26,115.0,Moderate
Brajrajnagar,2019-06-09,48.94,101.94,6.25,40.24,0.89,6.55,3.53,107.0,Moderate
Brajrajnagar,2019-06-10,58.33,112.5,4.76,47.42,0.99,6.91,41.28,115.0,Moderate
Brajrajnagar,2019-06-11,52.66,139.95,20.88,38.31,3.16,6.98,39.35,127.0,Moderate
Brajrajnagar,2019-06-12,26.52,60.92,20.22,39.73,1.36,7.6,30.39,105.0,Moderate
Brajrajnagar,2019-06-13,21.72,43.69,1.29,107.91,0.13,23.41,31.02,44.0,Good
Brajrajnagar,2019-06-14,18.76,63.23,3.08,43.3,0.53,5.88,37.25,88.0,Satisfactory
Brajrajnagar,2019-06-15,20.0,49.38,7.77,40.64,0.57,5.09,39.25,91.0,Satisfactory
Brajrajnagar,2019-06-17,26.35,51.33,5.79,45.77,0.98,3.04,24.87,95.0,Satisfactory
Brajrajnagar,2019-06-18,29.42,61.09,16.27,29.81,1.81,3.98,11.32,97.0,Satisfactory
Brajrajnagar,2019-06-19,39.47,82.32,9.61,35.48,1.86,3.87,16.14,100.0,Satisfactory
Brajrajnagar,2019-06-20,28.0,53.35,8.83,29.71,1.4,3.49,13.64,94.0,Satisfactory
Brajrajnagar,2019-06-21,26.98,47.39,9.84,32.37,1.85,2.37,9.75,100.0,Satisfactory
Brajrajnagar,2019-06-22,43.88,61.27,7.76,28.07,1.91,2.3,9.45,101.0,Moderate
Brajrajnagar,2019-06-23,42.01,64.73,7.34,41.46,1.84,1.66,7.26,98.0,Satisfactory
Brajrajnagar,2019-06-24,41.34,80.82,11.8,32.12,1.91,3.01,11.11,101.0,Moderate
Brajrajnagar,2019-06-25,32.02,62.15,10.66,30.99,1.9,3.05,9.81,100.0,Satisfactory
Brajrajnagar,2019-06-26,24.51,54.19,12.49,39.04,1.42,2.57,14.78,95.0,Satisfactory
Brajrajnagar,2019-06-27,38.5,82.94,12.1,27.85,1.93,2.61,11.09,102.0,Moderate
Brajrajnagar,2019-06-28,29.03,48.97,6.09,33.67,1.35,2.09,17.69,100.0,Satisfactory
Brajrajnagar,2019-06-29,21.27,46.44,4.97,35.77,1.07,2.73,19.36,95.0,Satisfactory
Brajrajnagar,2019-06-30,18.41,29.91,26.93,28.25,1.98,2.04,8.04,102.0,Moderate
Brajrajnagar,2019-07-01,22.96,59.93,9.05,42.71,1.87,2.19,7.29,94.0,Satisfactory
Brajrajnagar,2019-07-02,15.25,55.17,8.67,33.92,1.85,2.11,11.78,99.0,Satisfactory
Brajrajnagar,2019-07-03,15.74,30.03,6.9,23.06,1.88,1.9,12.39,99.0,Satisfactory
Brajrajnagar,2019-07-04,24.34,31.63,6.72,30.98,1.57,2.64,9.71,102.0,Moderate
Brajrajnagar,2019-07-05,5.08,12.24,7.2,39.22,1.59,2.15,7.07,80.0,Satisfactory
Brajrajnagar,2019-07-06,12.09,17.01,7.64,40.55,1.88,1.96,8.48,100.0,Satisfactory
Brajrajnagar,2019-07-07,8.11,23.2,3.39,31.19,1.24,1.31,10.99,94.0,Satisfactory
Brajrajnagar,2019-07-08,18.49,33.36,5.12,43.58,1.04,1.85,10.79,66.0,Satisfactory
Brajrajnagar,2019-07-09,15.75,25.12,9.19,41.04,1.84,1.87,9.69,100.0,Satisfactory
Brajrajnagar,2019-07-10,19.59,45.95,7.76,35.84,1.8,1.74,10.21,90.0,Satisfactory
Brajrajnagar,2019-07-11,23.11,55.16,8.65,39.82,1.87,2.16,8.4,98.0,Satisfactory
Brajrajnagar,2019-07-12,24.81,61.14,11.68,46.84,1.85,2.71,7.52,101.0,Moderate
Brajrajnagar,2019-07-13,33.21,81.2,12.76,28.92,1.97,3.13,7.5,102.0,Moderate
Brajrajnagar,2019-07-14,22.63,54.23,16.17,32.5,1.85,2.3,9.16,99.0,Satisfactory
Brajrajnagar,2019-07-15,18.88,69.94,12.46,36.06,1.81,2.88,10.18,98.0,Satisfactory
Brajrajnagar,2019-07-16,38.78,87.74,13.25,42.53,1.92,4.2,7.39,102.0,Moderate
Brajrajnagar,2019-07-17,31.14,72.59,14.21,62.99,1.78,2.57,8.11,98.0,Satisfactory
Brajrajnagar,2019-07-18,32.95,64.37,9.93,60.08,1.46,2.58,6.72,98.0,Satisfactory
Brajrajnagar,2019-07-19,25.71,60.58,6.27,58.23,1.02,3.14,8.53,80.0,Satisfactory
Brajrajnagar,2019-07-20,27.82,51.68,17.2,53.88,1.81,5.67,5.58,97.0,Satisfactory
Brajrajnagar,2019-07-21,24.73,56.46,7.44,34.8,0.88,3.16,6.18,93.0,Satisfactory
Brajrajnagar,2019-07-22,20.24,53.62,5.99,81.0,0.95,3.9,9.97,94.0,Satisfactory
Brajrajnagar,2019-07-23,20.5,50.9,9.22,69.31,1.42,2.28,8.46,99.0,Satisfactory
Brajrajnagar,2019-07-24,16.9,35.71,8.05,77.62,1.24,1.26,10.77,84.0,Satisfactory
Brajrajnagar,2019-07-25,21.23,31.73,10.99,59.27,1.79,1.41,6.22,98.0,Satisfactory
Brajrajnagar,2019-07-26,16.79,33.38,17.88,68.25,1.86,1.96,6.72,99.0,Satisfactory
Brajrajnagar,2019-07-27,18.61,25.47,4.89,66.61,0.91,1.41,4.54,95.0,Satisfactory
Brajrajnagar,2019-07-29,11.49,17.06,4.57,76.64,0.94,1.2,8.06,71.0,Satisfactory
Brajrajnagar,2019-07-30,11.72,16.88,4.05,85.38,1.75,1.29,7.27,96.0,Satisfactory
Brajrajnagar,2019-07-31,11.3,18.72,5.87,77.32,1.85,1.07,5.28,99.0,Satisfactory
Brajrajnagar,2019-08-01,15.83,22.93,9.41,73.54,1.98,1.46,3.8,103.0,Moderate
Brajrajnagar,2019-08-02,17.03,21.22,7.79,70.76,1.82,1.95,5.94,100.0,Satisfactory
Brajrajnagar,2019-08-03,11.68,21.99,7.56,61.12,1.91,1.47,4.5,100.0,Satisfactory
Brajrajnagar,2019-08-04,9.51,18.82,6.95,76.43,1.78,1.08,4.09,96.0,Satisfactory
Brajrajnagar,2019-08-06,14.82,22.61,13.18,96.75,2.0,2.24,4.21,100.0,Satisfactory
Brajrajnagar,2019-08-07,9.9,23.73,9.29,194.46,1.85,1.26,4.45,101.0,Moderate
Brajrajnagar,2019-08-08,,15.62,9.56,78.87,0.8,3.02,9.15,40.0,Good
Brajrajnagar,2019-08-09,2.54,,6.65,71.51,1.82,3.71,7.41,91.0,Satisfactory
Brajrajnagar,2019-08-10,36.02,,11.27,58.58,2.04,2.02,4.63,100.0,Satisfactory
Brajrajnagar,2019-08-11,35.2,,10.81,62.68,2.03,2.17,4.14,100.0,Satisfactory
Brajrajnagar,2019-08-13,13.05,18.03,18.29,63.01,1.95,2.84,5.75,98.0,Satisfactory
Brajrajnagar,2019-08-14,8.93,14.62,8.11,34.44,1.86,2.89,6.6,93.0,Satisfactory
Brajrajnagar,2019-08-15,26.93,68.24,18.1,35.27,2.05,3.63,7.55,103.0,Moderate
Brajrajnagar,2019-08-16,28.16,65.76,8.36,44.61,1.54,5.26,4.34,103.0,Moderate
Brajrajnagar,2019-08-17,43.12,108.51,14.5,41.14,2.0,6.15,5.27,102.0,Moderate
Brajrajnagar,2019-08-18,23.19,53.79,19.48,57.49,1.97,6.14,3.46,107.0,Moderate
Brajrajnagar,2019-08-19,20.65,41.49,10.81,54.09,1.49,6.88,5.15,74.0,Satisfactory
Brajrajnagar,2019-08-20,12.39,27.67,17.63,35.91,1.73,7.8,7.7,86.0,Satisfactory
Brajrajnagar,2019-08-21,32.15,63.23,10.09,37.82,1.96,8.44,6.27,100.0,Satisfactory
Brajrajnagar,2019-08-22,39.35,68.75,7.56,45.64,1.83,9.04,6.69,101.0,Moderate
Brajrajnagar,2019-08-23,22.73,29.55,5.0,27.3,1.7,6.44,5.64,85.0,Satisfactory
Brajrajnagar,2019-08-24,32.21,52.24,4.76,33.07,1.92,6.42,4.36,102.0,Moderate
Brajrajnagar,2019-08-25,37.79,56.15,5.16,39.33,1.92,7.06,5.52,102.0,Moderate
Brajrajnagar,2019-08-26,21.99,42.74,7.14,36.14,1.95,7.06,5.8,102.0,Moderate
Brajrajnagar,2019-08-27,34.35,60.67,14.49,36.61,2.02,7.69,4.5,102.0,Moderate
Brajrajnagar,2019-08-28,30.32,68.46,7.85,30.97,2.0,7.15,6.12,102.0,Moderate
Brajrajnagar,2019-08-29,35.6,76.5,7.15,33.42,1.96,6.91,5.35,103.0,Moderate
Brajrajnagar,2019-08-30,29.62,65.62,1.73,36.08,0.27,5.64,4.45,100.0,Satisfactory
Brajrajnagar,2019-09-01,33.73,79.79,6.08,27.0,1.11,8.32,7.01,97.0,Satisfactory
Brajrajnagar,2019-09-02,17.73,49.02,2.56,37.06,1.42,6.38,5.88,102.0,Moderate
Brajrajnagar,2019-09-04,31.95,64.37,4.12,14.25,1.05,11.05,6.6,81.0,Satisfactory
Brajrajnagar,2019-09-05,17.5,28.45,6.06,13.26,1.93,10.54,4.78,101.0,Moderate
Brajrajnagar,2019-09-06,20.52,30.46,6.08,40.63,1.92,9.56,5.22,102.0,Moderate
Brajrajnagar,2019-09-07,15.34,24.82,7.3,19.31,1.97,9.58,4.0,101.0,Moderate
Brajrajnagar,2019-09-08,18.58,28.07,1.14,10.75,0.62,9.23,4.18,70.0,Satisfactory
Brajrajnagar,2019-09-09,21.44,35.1,6.3,21.06,1.04,24.97,5.46,69.0,Satisfactory
Brajrajnagar,2019-09-10,16.98,36.49,8.46,19.29,1.95,11.01,5.19,102.0,Moderate
Brajrajnagar,2019-09-11,25.9,40.09,10.14,21.31,1.87,9.07,4.52,102.0,Moderate
Brajrajnagar,2019-09-12,33.44,39.6,7.05,28.09,1.69,15.72,5.96,97.0,Satisfactory
Brajrajnagar,2019-09-13,19.52,33.04,7.54,28.65,1.91,9.14,5.74,100.0,Satisfactory
Brajrajnagar,2019-09-14,27.59,56.59,9.89,44.38,1.92,8.95,4.45,102.0,Moderate
Brajrajnagar,2019-09-15,33.54,79.84,10.8,24.75,1.51,8.64,4.74,101.0,Moderate
Brajrajnagar,2019-09-16,33.37,77.66,11.45,19.32,1.72,8.46,5.01,102.0,Moderate
Brajrajnagar,2019-09-17,37.4,78.65,12.03,28.76,2.0,8.09,3.94,103.0,Moderate
Brajrajnagar,2019-09-18,32.19,60.92,15.97,43.87,1.98,9.08,3.75,102.0,Moderate
Brajrajnagar,2019-09-19,15.64,40.1,10.44,23.64,1.95,9.55,5.29,102.0,Moderate
Brajrajnagar,2019-09-20,22.3,68.21,9.9,17.66,1.99,9.46,4.15,102.0,Moderate
Brajrajnagar,2019-09-21,34.26,78.19,12.63,14.62,2.04,10.41,4.84,104.0,Moderate
Brajrajnagar,2019-09-22,35.88,83.06,7.96,34.4,1.84,8.76,4.26,103.0,Moderate
Brajrajnagar,2019-09-23,23.5,52.79,4.6,56.25,1.5,8.21,5.41,102.0,Moderate
Brajrajnagar,2019-09-25,19.4,38.72,5.71,24.06,1.24,8.77,4.05,91.0,Satisfactory
Brajrajnagar,2019-09-26,16.66,33.48,7.84,35.82,1.91,8.67,3.75,101.0,Moderate
Brajrajnagar,2019-09-27,15.27,30.81,9.85,17.85,2.01,9.07,3.71,102.0,Moderate
Brajrajnagar,2019-09-28,14.78,32.14,6.66,24.25,2.02,9.04,3.78,103.0,Moderate
Brajrajnagar,2019-09-29,16.93,27.1,13.6,42.83,1.9,9.56,5.1,102.0,Moderate
Brajrajnagar,2019-09-30,26.05,39.9,7.52,17.04,2.14,9.2,4.98,103.0,Moderate
Brajrajnagar,2019-10-01,32.16,96.99,10.88,13.64,2.17,9.12,4.86,104.0,Moderate
Brajrajnagar,2019-10-02,28.96,66.56,7.4,39.16,2.07,9.24,4.96,104.0,Moderate
Brajrajnagar,2019-10-03,27.41,74.47,7.09,55.34,2.03,9.1,5.22,103.0,Moderate
Brajrajnagar,2019-10-04,51.42,120.96,10.95,14.18,2.23,9.67,5.59,98.0,Satisfactory
Brajrajnagar,2019-10-05,34.76,90.57,12.4,44.98,2.17,8.54,5.14,105.0,Moderate
Brajrajnagar,2019-10-06,30.55,61.86,9.76,48.7,2.06,8.36,5.55,104.0,Moderate
Brajrajnagar,2019-10-07,25.13,46.13,9.33,25.96,2.09,8.5,6.29,103.0,Moderate
Brajrajnagar,2019-10-08,25.41,45.92,6.44,32.57,1.68,8.64,4.26,103.0,Moderate
Brajrajnagar,2019-10-09,55.0,76.23,19.13,41.56,1.6,8.69,5.22,103.0,Moderate
Brajrajnagar,2019-10-11,32.77,72.72,4.46,35.05,1.1,9.77,6.51,90.0,Satisfactory
Brajrajnagar,2019-10-12,28.89,57.42,9.17,34.73,2.02,9.01,4.42,104.0,Moderate
Brajrajnagar,2019-10-13,30.73,71.59,10.86,16.16,2.07,8.85,5.29,103.0,Moderate
Brajrajnagar,2019-10-14,39.96,86.42,8.98,38.89,1.62,8.96,6.63,103.0,Moderate
Brajrajnagar,2019-10-15,61.88,127.82,7.53,25.72,1.06,9.14,5.49,106.0,Moderate
Brajrajnagar,2019-10-16,53.11,115.38,11.96,12.14,2.12,9.07,6.24,116.0,Moderate
Brajrajnagar,2019-10-17,54.85,122.37,12.45,64.1,2.16,9.24,4.7,110.0,Moderate
Brajrajnagar,2019-10-18,32.62,65.15,11.34,28.3,1.81,8.39,4.62,106.0,Moderate
Brajrajnagar,2019-10-19,35.99,73.18,12.7,24.03,2.11,8.87,4.4,104.0,Moderate
Brajrajnagar,2019-10-20,41.21,79.3,11.98,18.82,1.72,8.76,3.94,104.0,Moderate
Brajrajnagar,2019-10-21,20.53,37.45,9.76,36.91,2.16,8.88,4.78,104.0,Moderate
Brajrajnagar,2019-10-22,31.58,74.28,15.98,78.49,2.23,8.76,4.27,105.0,Moderate
Brajrajnagar,2019-10-23,32.15,60.91,13.11,44.52,2.17,8.79,4.23,105.0,Moderate
Brajrajnagar,2019-10-24,24.43,38.28,6.55,58.88,2.03,7.41,4.64,104.0,Moderate
Brajrajnagar,2019-10-25,23.14,30.81,4.99,75.86,2.04,7.02,4.89,104.0,Moderate
Brajrajnagar,2019-10-26,34.74,89.89,13.25,76.68,2.15,7.22,4.68,104.0,Moderate
Brajrajnagar,2019-10-27,29.75,60.55,13.24,86.49,1.88,8.68,3.75,103.0,Moderate
Brajrajnagar,2019-10-31,89.91,183.8,13.86,66.31,1.61,9.41,6.66,200.0,Moderate
Brajrajnagar,2019-11-01,84.24,175.43,19.33,92.17,2.31,9.14,4.24,179.0,Moderate
Brajrajnagar,2019-11-02,77.18,166.58,24.41,53.26,2.38,9.44,4.53,188.0,Moderate
Brajrajnagar,2019-11-03,83.03,175.1,14.74,16.78,2.13,9.85,5.57,146.0,Moderate
Brajrajnagar,2019-11-04,107.54,231.42,7.25,19.89,0.8,9.84,3.26,236.0,Poor
Brajrajnagar,2019-11-05,89.4,189.29,9.23,73.66,1.4,10.75,9.5,222.0,Poor
Brajrajnagar,2019-11-06,83.14,181.43,13.81,72.47,1.41,10.37,5.73,200.0,Moderate
Brajrajnagar,2019-11-07,81.1,177.97,22.13,63.28,0.52,10.27,5.33,174.0,Moderate
Brajrajnagar,2019-11-08,62.63,141.47,21.19,66.83,0.6,12.66,6.55,141.0,Moderate
Brajrajnagar,2019-11-09,38.64,109.84,21.22,95.05,0.63,13.9,5.57,122.0,Moderate
Brajrajnagar,2019-11-10,43.3,95.82,7.34,49.2,0.31,14.83,5.48,99.0,Satisfactory
Brajrajnagar,2019-11-11,42.37,109.49,19.25,58.82,0.47,16.54,8.78,102.0,Moderate
Brajrajnagar,2019-11-12,60.96,144.97,22.71,95.68,0.62,16.66,5.66,115.0,Moderate
Brajrajnagar,2019-11-13,57.49,133.85,26.17,78.69,0.64,16.25,8.23,126.0,Moderate
Brajrajnagar,2019-11-14,57.19,135.99,28.46,70.67,0.7,16.39,10.83,123.0,Moderate
Brajrajnagar,2019-11-15,58.09,130.12,30.93,44.48,0.74,16.09,13.46,125.0,Moderate
Brajrajnagar,2019-11-16,51.52,115.04,27.08,83.14,0.78,14.74,6.49,113.0,Moderate
Brajrajnagar,2019-11-17,79.1,162.45,18.16,53.02,0.39,14.44,9.05,126.0,Moderate
Brajrajnagar,2019-11-18,76.72,171.91,16.67,48.33,0.49,13.49,5.87,184.0,Moderate
Brajrajnagar,2019-11-19,50.88,132.67,23.82,46.11,0.87,13.49,7.45,133.0,Moderate
Brajrajnagar,2019-11-20,57.47,136.14,19.06,31.81,0.88,13.21,4.79,120.0,Moderate
Brajrajnagar,2019-11-21,69.64,148.15,18.76,29.51,0.89,12.73,4.75,131.0,Moderate
Brajrajnagar,2019-11-22,88.71,182.05,19.85,25.03,0.92,12.72,5.0,152.0,Moderate
Brajrajnagar,2019-11-23,86.71,175.56,22.56,51.87,0.96,12.71,5.92,211.0,Poor
Brajrajnagar,2019-11-24,66.14,118.67,17.41,60.72,0.97,11.92,5.16,156.0,Moderate
Brajrajnagar,2019-11-25,98.46,195.77,19.47,51.85,0.97,12.01,6.9,228.0,Poor
Brajrajnagar,2019-11-26,88.94,193.69,20.74,88.0,0.81,11.97,5.02,180.0,Moderate
Brajrajnagar,2019-11-27,47.74,158.7,23.64,76.09,1.02,11.32,5.95,185.0,Moderate
Brajrajnagar,2019-11-28,129.09,226.22,23.66,51.44,1.09,12.18,7.43,307.0,Very Poor
Brajrajnagar,2019-11-29,102.32,194.1,15.47,23.22,0.51,12.3,3.7,223.0,Poor
Brajrajnagar,2019-12-02,63.24,136.41,15.21,102.21,0.65,9.94,5.09,126.0,Moderate
Brajrajnagar,2019-12-03,75.53,166.11,26.21,88.16,1.17,11.07,4.67,129.0,Moderate
Brajrajnagar,2019-12-04,64.22,129.06,25.29,74.24,1.13,11.69,5.21,155.0,Moderate
Brajrajnagar,2019-12-05,54.83,120.83,29.92,36.29,0.85,12.63,8.04,111.0,Moderate
Brajrajnagar,2019-12-06,62.64,137.13,29.82,57.61,0.77,12.14,6.07,120.0,Moderate
Brajrajnagar,2019-12-07,64.84,137.89,32.09,52.69,0.81,12.04,7.32,128.0,Moderate
Brajrajnagar,2019-12-08,68.89,138.53,15.28,34.63,0.41,10.7,3.58,128.0,Moderate
Brajrajnagar,2019-12-09,75.5,156.39,17.9,82.98,0.44,11.26,10.06,140.0,Moderate
Brajrajnagar,2019-12-10,82.35,173.7,40.7,61.29,0.91,11.96,5.07,151.0,Moderate
Brajrajnagar,2019-12-11,118.77,233.8,44.04,76.34,1.08,12.33,5.92,220.0,Poor
Brajrajnagar,2019-12-12,91.52,176.71,40.61,51.93,1.01,12.61,6.67,290.0,Poor
Brajrajnagar,2019-12-13,65.57,137.46,39.15,79.46,0.63,12.09,6.49,157.0,Moderate
Brajrajnagar,2019-12-14,61.59,126.98,24.78,44.01,0.4,11.53,8.49,118.0,Moderate
Brajrajnagar,2019-12-17,66.14,121.66,18.95,60.35,0.57,12.05,11.41,98.0,Satisfactory
Brajrajnagar,2019-12-18,43.22,88.08,27.57,55.66,0.6,11.58,7.36,109.0,Moderate
Brajrajnagar,2019-12-19,38.79,87.3,26.71,55.18,0.57,12.21,5.87,88.0,Satisfactory
Brajrajnagar,2019-12-20,62.63,130.65,23.27,81.84,0.46,8.27,37.97,98.0,Satisfactory
Brajrajnagar,2019-12-21,64.93,140.68,36.32,82.58,0.94,5.98,28.69,126.0,Moderate
Brajrajnagar,2019-12-22,55.2,118.5,35.4,57.47,0.82,5.22,35.47,125.0,Moderate
Brajrajnagar,2019-12-23,48.17,104.52,33.66,63.05,0.87,5.58,26.37,108.0,Moderate
Brajrajnagar,2019-12-24,90.37,184.5,42.7,57.85,1.07,7.26,24.75,123.0,Moderate
Brajrajnagar,2019-12-25,109.25,194.3,41.4,91.85,1.26,7.56,28.41,257.0,Poor
Brajrajnagar,2019-12-26,99.98,162.31,37.05,68.74,1.19,6.31,16.64,255.0,Poor
Brajrajnagar,2019-12-27,64.98,105.72,26.24,62.38,0.82,4.65,32.82,199.0,Moderate
Brajrajnagar,2019-12-28,39.99,83.28,31.31,66.72,0.64,3.94,35.13,91.0,Satisfactory
Brajrajnagar,2019-12-29,82.67,157.49,43.18,58.43,0.82,3.73,25.93,111.0,Moderate
Brajrajnagar,2019-12-30,66.67,133.61,38.42,37.18,0.97,4.36,27.86,171.0,Moderate
Brajrajnagar,2019-12-31,63.03,129.29,35.47,60.47,1.1,3.13,33.37,118.0,Moderate
Brajrajnagar,2020-01-01,42.75,81.36,27.64,54.21,1.19,2.86,40.09,114.0,Moderate
Brajrajnagar,2020-01-02,28.9,48.32,21.25,42.02,1.26,3.09,36.6,69.0,Satisfactory
Brajrajnagar,2020-01-03,34.82,51.35,23.74,43.59,1.33,3.35,30.32,70.0,Satisfactory
Brajrajnagar,2020-01-04,58.33,97.03,31.73,68.52,1.33,3.84,20.75,77.0,Satisfactory
Brajrajnagar,2020-01-05,67.62,129.98,41.22,67.9,1.45,3.08,25.55,128.0,Moderate
Brajrajnagar,2020-01-06,49.74,108.41,34.79,70.72,1.45,3.32,26.9,108.0,Moderate
Brajrajnagar,2020-01-07,68.28,140.98,43.48,59.3,1.48,4.94,23.88,115.0,Moderate
Brajrajnagar,2020-01-08,69.26,116.9,35.38,54.19,1.54,4.34,28.24,146.0,Moderate
Brajrajnagar,2020-01-09,76.66,108.79,29.92,40.28,1.52,4.14,24.27,112.0,Moderate
Brajrajnagar,2020-01-10,56.23,91.1,26.53,42.93,1.14,4.19,17.32,166.0,Moderate
Brajrajnagar,2020-01-14,125.88,263.62,43.61,77.03,1.29,5.63,38.55,305.0,Very Poor
Brajrajnagar,2020-01-15,115.69,209.26,45.4,106.47,0.82,8.53,26.83,296.0,Poor
Brajrajnagar,2020-01-16,108.99,195.21,38.24,85.38,0.84,6.95,35.7,285.0,Poor
Brajrajnagar,2020-01-17,101.29,189.61,43.24,73.69,0.86,6.45,28.69,250.0,Poor
Brajrajnagar,2020-01-18,83.82,184.33,36.36,62.42,0.85,6.23,27.36,188.0,Moderate
Brajrajnagar,2020-01-19,89.78,154.57,39.18,82.41,0.89,5.37,27.66,206.0,Poor
Brajrajnagar,2020-01-20,69.42,125.86,27.38,89.04,0.87,4.62,37.69,160.0,Moderate
Brajrajnagar,2020-01-21,83.39,158.93,37.68,82.8,0.87,5.69,24.53,146.0,Moderate
Brajrajnagar,2020-01-22,104.47,184.67,38.53,91.79,0.87,6.26,26.39,210.0,Poor
Brajrajnagar,2020-01-23,91.23,160.68,37.63,83.71,0.9,5.11,26.95,259.0,Poor
Brajrajnagar,2020-01-24,68.34,133.71,22.37,83.67,0.54,4.56,29.78,160.0,Moderate
Brajrajnagar,2020-01-27,70.6,145.59,17.64,43.44,0.39,4.98,41.49,112.0,Moderate
Brajrajnagar,2020-01-28,74.93,153.51,38.89,47.77,0.88,5.54,27.18,139.0,Moderate
Brajrajnagar,2020-01-29,78.91,143.98,36.33,42.98,0.89,4.77,26.71,189.0,Moderate
Brajrajnagar,2020-01-30,59.9,127.63,28.37,47.55,0.87,5.34,31.09,137.0,Moderate
Brajrajnagar,2020-01-31,55.53,114.45,23.91,43.41,0.89,4.05,34.77,103.0,Moderate
Brajrajnagar,2020-02-01,54.18,127.55,26.96,46.7,0.85,4.43,34.02,116.0,Moderate
Brajrajnagar,2020-02-02,52.62,99.77,21.78,62.71,0.89,3.77,43.07,119.0,Moderate
Brajrajnagar,2020-02-03,109.14,242.49,36.02,91.11,0.86,6.09,31.21,264.0,Poor
Brajrajnagar,2020-02-04,69.43,139.05,30.81,54.56,0.88,8.79,19.51,191.0,Moderate
Brajrajnagar,2020-02-05,65.97,117.63,21.63,65.64,0.84,8.81,24.26,118.0,Moderate
Brajrajnagar,2020-02-06,71.77,144.14,30.85,70.44,0.5,6.7,18.56,127.0,Moderate
Brajrajnagar,2020-02-07,52.91,106.4,23.33,58.31,0.01,4.45,23.6,126.0,Moderate
Brajrajnagar,2020-02-08,44.57,96.57,17.07,50.78,0.01,4.78,27.01,97.0,Satisfactory
Brajrajnagar,2020-02-09,57.83,126.56,22.88,34.57,0.01,4.67,42.22,98.0,Satisfactory
Brajrajnagar,2020-02-10,64.57,148.99,30.05,53.95,0.02,5.27,36.5,129.0,Moderate
Brajrajnagar,2020-02-11,84.2,187.19,35.49,84.27,0.04,5.21,40.03,155.0,Moderate
Brajrajnagar,2020-02-12,79.59,173.45,34.85,78.86,0.04,6.12,35.88,174.0,Moderate
Brajrajnagar,2020-02-13,78.7,184.84,40.68,52.49,0.05,6.66,32.06,177.0,Moderate
Brajrajnagar,2020-02-14,81.63,194.14,39.88,68.98,0.03,5.62,29.38,157.0,Moderate
Brajrajnagar,2020-02-15,69.93,153.82,32.78,72.85,0.01,4.27,35.56,162.0,Moderate
Brajrajnagar,2020-02-16,53.86,117.98,24.22,56.52,0.01,3.73,40.05,118.0,Moderate
Brajrajnagar,2020-02-17,62.05,144.59,27.39,72.84,0.02,4.49,34.47,119.0,Moderate
Brajrajnagar,2020-02-18,66.86,156.78,37.21,117.44,0.02,5.32,35.68,136.0,Moderate
Brajrajnagar,2020-02-19,79.45,184.8,42.25,80.09,0.04,11.05,29.0,141.0,Moderate
Brajrajnagar,2020-02-20,82.41,185.18,38.65,95.52,0.04,9.58,30.76,172.0,Moderate
Brajrajnagar,2020-02-21,70.64,152.08,33.35,50.76,0.05,5.77,34.49,168.0,Moderate
Brajrajnagar,2020-02-22,91.15,180.05,32.29,95.81,0.05,7.63,37.78,140.0,Moderate
Brajrajnagar,2020-02-23,76.21,163.07,27.06,71.07,0.05,6.54,43.29,233.0,Poor
Brajrajnagar,2020-02-24,66.04,186.21,18.96,78.53,0.05,3.5,28.73,157.0,Moderate
Brajrajnagar,2020-02-25,33.53,45.85,15.45,85.95,0.05,4.48,33.81,82.0,Satisfactory
Brajrajnagar,2020-02-26,50.29,70.42,18.65,91.61,0.04,3.39,31.36,67.0,Satisfactory
Brajrajnagar,2020-02-27,55.53,91.46,18.99,75.76,0.03,2.69,37.23,108.0,Moderate
Brajrajnagar,2020-02-28,67.21,113.28,13.25,77.43,0.01,3.47,12.79,94.0,Satisfactory
Brajrajnagar,2020-03-03,74.94,100.99,7.82,78.26,0.03,8.69,52.39,199.0,Moderate
Brajrajnagar,2020-03-04,,53.24,18.45,99.3,0.05,5.82,45.15,83.0,Satisfactory
Brajrajnagar,2020-03-05,,32.15,20.37,98.3,0.04,4.57,32.64,60.0,Satisfactory
Brajrajnagar,2020-03-06,,35.92,24.29,69.7,0.03,3.6,26.53,46.0,Good
Brajrajnagar,2020-03-07,,32.85,14.11,85.27,0.01,3.1,30.47,51.0,Satisfactory
Brajrajnagar,2020-03-08,,40.63,8.99,113.55,0.01,2.56,23.0,44.0,Good
Brajrajnagar,2020-03-09,66.18,39.13,8.85,111.94,0.07,5.07,55.49,91.0,Satisfactory
Brajrajnagar,2020-03-10,25.66,25.78,21.54,85.45,0.26,3.82,31.53,66.0,Satisfactory
Brajrajnagar,2020-03-11,34.62,34.73,15.66,67.31,0.24,2.73,36.27,58.0,Satisfactory
Brajrajnagar,2020-03-12,22.07,22.15,17.5,102.49,0.23,2.44,38.33,38.0,Good
Brajrajnagar,2020-03-17,80.27,220.65,22.36,12.86,0.29,4.12,59.1,180.0,Moderate
Brajrajnagar,2020-03-18,64.95,178.22,26.47,14.11,0.3,3.84,51.13,161.0,Moderate
Brajrajnagar,2020-03-19,57.92,132.86,29.44,16.6,0.3,4.08,45.05,141.0,Moderate
Brajrajnagar,2020-03-24,92.5,221.48,19.95,11.34,0.3,5.21,68.11,208.0,Poor
Brajrajnagar,2020-03-25,72.91,192.52,23.33,12.56,0.3,4.25,50.83,169.0,Moderate
Brajrajnagar,2020-03-26,66.01,149.11,20.43,12.7,0.3,3.99,59.13,145.0,Moderate
Brajrajnagar,2020-03-27,83.66,202.56,43.41,13.55,0.3,5.02,57.24,156.0,Moderate
Brajrajnagar,2020-03-28,52.6,123.23,,58.05,0.29,4.03,64.35,139.0,Moderate
Brajrajnagar,2020-03-29,52.58,128.05,,58.31,0.29,3.65,55.02,128.0,Moderate
Brajrajnagar,2020-03-30,49.81,118.62,,58.66,0.28,4.26,65.48,129.0,Moderate
Brajrajnagar,2020-03-31,65.44,164.64,,58.15,0.28,4.92,60.83,128.0,Moderate
Brajrajnagar,2020-04-01,59.92,163.12,,53.85,0.28,4.65,73.85,148.0,Moderate
Brajrajnagar,2020-04-02,74.14,202.5,,56.37,0.29,4.14,53.76,160.0,Moderate
Brajrajnagar,2020-04-03,71.91,187.2,,62.53,0.3,3.8,63.94,158.0,Moderate
Brajrajnagar,2020-04-04,64.28,162.17,,61.98,0.31,4.28,72.79,164.0,Moderate
Brajrajnagar,2020-04-05,56.63,106.43,,60.19,0.3,4.29,97.06,139.0,Moderate
Brajrajnagar,2020-04-06,92.54,242.21,,60.71,0.3,4.3,46.65,129.0,Moderate
Brajrajnagar,2020-04-07,81.29,175.78,0.0,61.88,0.31,4.64,59.52,171.0,Moderate
Brajrajnagar,2020-04-08,51.22,93.4,94.65,66.94,0.31,4.89,77.56,115.0,Moderate
Brajrajnagar,2020-04-09,101.41,140.84,227.8,57.4,0.41,5.74,33.27,248.0,Poor
Brajrajnagar,2020-04-10,90.45,149.84,13.82,65.67,0.33,5.7,59.21,236.0,Poor
Brajrajnagar,2020-04-11,93.45,197.74,,58.77,0.33,5.26,73.03,222.0,Poor
Brajrajnagar,2020-04-12,86.2,187.5,0.0,72.26,0.34,5.55,38.92,206.0,Poor
Brajrajnagar,2020-04-13,76.67,198.38,0.0,,0.35,5.13,,176.0,Moderate
Brajrajnagar,2020-04-14,89.36,218.21,0.0,,0.35,4.94,,174.0,Moderate
Brajrajnagar,2020-04-15,76.63,183.91,0.0,,0.37,4.32,,201.0,Poor
Brajrajnagar,2020-04-16,61.41,142.43,0.0,,0.36,4.4,,126.0,Moderate
Brajrajnagar,2020-04-17,98.12,220.98,0.0,,0.38,4.32,,194.0,Moderate
Brajrajnagar,2020-04-18,77.66,168.5,0.0,,0.39,5.04,,207.0,Poor
Brajrajnagar,2020-04-19,55.82,121.54,0.0,,0.38,5.29,,120.0,Moderate
Brajrajnagar,2020-04-20,84.94,180.11,0.0,,0.39,4.52,,142.0,Moderate
Brajrajnagar,2020-04-21,33.32,75.64,0.0,,0.39,4.31,,122.0,Moderate
Brajrajnagar,2020-04-22,27.93,56.84,0.0,,0.38,4.96,,54.0,Satisfactory
Brajrajnagar,2020-04-23,38.58,83.38,0.0,,0.37,4.62,,78.0,Satisfactory
Brajrajnagar,2020-04-24,32.86,67.04,0.0,,0.36,4.26,,79.0,Satisfactory
Brajrajnagar,2020-04-25,42.81,113.41,0.0,,0.35,5.02,,109.0,Moderate
Brajrajnagar,2020-04-26,18.0,42.35,0.0,,0.35,4.59,,55.0,Satisfactory
Brajrajnagar,2020-04-27,28.56,73.65,0.0,,0.34,4.31,,50.0,Good
Brajrajnagar,2020-04-28,36.72,84.46,0.0,,0.33,4.62,,75.0,Satisfactory
Brajrajnagar,2020-04-29,35.97,73.55,0.0,,0.33,4.02,,91.0,Satisfactory
Brajrajnagar,2020-04-30,53.76,101.91,0.0,,0.32,4.96,,80.0,Satisfactory
Brajrajnagar,2020-05-01,59.5,219.38,0.0,,0.31,5.55,,141.0,Moderate
Brajrajnagar,2020-05-03,75.61,139.65,0.0,,0.46,,91.52,188.0,Moderate
Brajrajnagar,2020-05-04,31.59,106.58,0.0,,0.39,,56.28,138.0,Moderate
Brajrajnagar,2020-05-05,46.37,91.62,0.0,,0.38,,73.76,114.0,Moderate
Brajrajnagar,2020-05-06,42.05,87.03,0.0,,0.38,,79.3,133.0,Moderate
Brajrajnagar,2020-05-07,25.98,66.02,0.0,,0.38,,77.06,103.0,Moderate
Brajrajnagar,2020-05-08,32.29,74.65,0.0,,0.38,,63.56,93.0,Satisfactory
Brajrajnagar,2020-05-09,39.19,112.34,0.0,,0.38,,74.48,116.0,Moderate
Brajrajnagar,2020-05-10,44.57,102.28,0.0,,0.38,,51.06,117.0,Moderate
Brajrajnagar,2020-05-11,88.68,143.47,382.84,33.63,0.65,7.76,43.78,386.0,Very Poor
Brajrajnagar,2020-05-12,79.64,125.28,,54.47,0.42,5.21,51.27,165.0,Moderate
Brajrajnagar,2020-05-13,73.38,121.42,302.78,45.43,0.49,6.9,57.06,319.0,Very Poor
Brajrajnagar,2020-05-14,70.23,120.96,378.24,50.14,0.42,,85.82,178.0,Moderate
Brajrajnagar,2020-05-15,50.05,115.09,,50.03,0.37,,74.57,131.0,Moderate
Brajrajnagar,2020-05-16,48.78,128.87,66.87,50.89,0.37,,76.56,134.0,Moderate
Brajrajnagar,2020-05-17,46.31,87.22,,48.17,0.37,,50.88,120.0,Moderate
Brajrajnagar,2020-05-29,158.38,147.23,289.09,104.21,0.82,9.28,3.06,330.0,Very Poor
Brajrajnagar,2020-05-30,45.22,84.74,14.98,76.62,0.62,8.56,51.45,85.0,Satisfactory
Brajrajnagar,2020-05-31,30.4,74.06,13.63,3.19,0.66,7.07,36.01,73.0,Satisfactory
Brajrajnagar,2020-06-01,85.7,97.14,5.35,2.91,0.68,6.2,54.66,186.0,Moderate
Brajrajnagar,2020-06-02,57.78,97.36,15.32,3.23,0.57,5.93,57.67,131.0,Moderate
Brajrajnagar,2020-06-03,63.28,95.86,0.0,,0.66,5.25,58.88,98.0,Satisfactory
Brajrajnagar,2020-06-04,31.8,77.28,0.0,,0.0,6.31,37.58,77.0,Satisfactory
Brajrajnagar,2020-06-05,22.8,413.89,0.0,,0.0,5.37,14.91,168.0,Moderate
Brajrajnagar,2020-06-06,95.99,226.52,3.52,2.68,0.74,6.42,22.99,220.0,Poor
Brajrajnagar,2020-06-07,115.75,168.85,14.49,2.91,0.71,8.73,32.08,286.0,Poor
Brajrajnagar,2020-06-08,77.38,144.41,15.03,3.03,0.64,6.88,74.93,158.0,Moderate
Brajrajnagar,2020-06-09,65.01,176.81,15.17,3.03,0.64,6.52,54.7,132.0,Moderate
Brajrajnagar,2020-06-10,41.25,254.96,17.61,3.17,0.56,5.04,29.4,205.0,Poor
Brajrajnagar,2020-06-11,45.07,106.78,0.0,,0.59,5.94,34.99,99.0,Satisfactory
Brajrajnagar,2020-06-12,34.71,90.12,0.0,,0.63,6.83,15.55,76.0,Satisfactory
Brajrajnagar,2020-06-13,44.62,182.52,0.0,,0.63,6.94,14.0,155.0,Moderate
Brajrajnagar,2020-06-14,121.74,158.88,0.0,,0.57,4.38,20.55,301.0,Very Poor
Brajrajnagar,2020-06-15,40.23,253.14,0.0,,1.03,16.64,,203.0,Poor
Brajrajnagar,2020-06-16,62.9,502.09,0.0,,1.21,24.36,,490.0,Severe
Brajrajnagar,2020-06-24,308.79,589.39,0.0,,0.0,,8.16,599.0,Severe
Brajrajnagar,2020-06-25,129.63,203.93,23.95,81.19,0.32,10.37,22.17,307.0,Very Poor
Brajrajnagar,2020-06-26,29.21,71.31,5.65,20.86,0.43,7.47,21.95,71.0,Satisfactory
