City,Date,PM2.5,PM10,NOx,NH3,CO,SO2,O3,AQI,AQI_Bucket,PM2.5_lag1,PM10_lag1,NOx_lag1,NH3_lag1,CO_lag1,SO2_lag1,O3_lag1,AQI_lag1
Kolkata,2018-04-10,34.38,57.0,,2.52,1.0,25.46,,57.0,Satisfactory,,,,,,,,
Kolkata,2018-04-11,29.0,50.87,45.29,3.59,0.98,10.32,30.99,73.0,Satisfactory,34.38,57.0,,2.52,1.0,25.46,,57.0
Kolkata,2018-04-12,21.7,43.04,42.54,3.77,0.73,,43.72,60.0,Satisfactory,29.0,50.87,45.29,3.59,0.98,10.32,30.99,73.0
Kolkata,2018-04-13,23.09,46.49,36.72,3.88,0.98,,41.65,74.0,Satisfactory,21.7,43.04,42.54,3.77,0.73,,43.72,60.0
Kolkata,2018-04-14,21.56,42.1,29.43,4.22,1.0,,44.07,83.0,Satisfactory,23.09,46.49,36.72,3.88,0.98,,41.65,74.0
Kolkata,2018-04-15,30.28,54.89,45.52,2.87,0.81,,63.88,95.0,Satisfactory,21.56,42.1,29.43,4.22,1.0,,44.07,83.0
Kolkata,2018-04-16,26.72,51.27,31.56,3.7,1.11,,49.57,88.0,Satisfactory,30.28,54.89,45.52,2.87,0.81,,63.88,95.0
Kolkata,2018-04-17,24.37,40.66,39.05,2.12,1.15,,36.86,69.0,Satisfactory,26.72,51.27,31.56,3.7,1.11,,49.57,88.0
Kolkata,2018-05-19,8.61,27.5,51.04,14.51,0.0,7.86,,64.0,Satisfactory,24.37,40.66,39.05,2.12,1.15,,36.86,69.0
Kolkata,2018-06-04,4.99,12.03,37.34,7.2,0.0,40.43,21.69,51.0,Satisfactory,8.61,27.5,51.04,14.51,0.0,7.86,,64.0
Kolkata,2018-06-07,3.56,7.12,52.07,20.31,0.0,81.59,47.39,101.0,Moderate,4.99,12.03,37.34,7.2,0.0,40.43,21.69,51.0
Kolkata,2018-06-15,51.23,133.18,34.66,10.5,0.0,,,122.0,Moderate,3.56,7.12,52.07,20.31,0.0,81.59,47.39,101.0
Kolkata,2018-06-16,47.55,128.66,24.51,7.4,0.72,7.3,27.24,119.0,Moderate,51.23,133.18,34.66,10.5,0.0,,,122.0
Kolkata,2018-06-17,45.04,107.03,47.18,4.9,1.63,1.34,,113.0,Moderate,47.55,128.66,24.51,7.4,0.72,7.3,27.24,119.0
Kolkata,2018-06-18,50.1,105.68,36.5,8.55,1.47,3.02,72.28,107.0,Moderate,45.04,107.03,47.18,4.9,1.63,1.34,,113.0
Kolkata,2018-06-19,39.25,87.24,33.45,12.06,1.35,1.93,81.12,148.0,Moderate,50.1,105.68,36.5,8.55,1.47,3.02,72.28,107.0
Kolkata,2018-06-20,24.44,53.19,43.79,9.14,1.7,6.88,49.58,94.0,Satisfactory,39.25,87.24,33.45,12.06,1.35,1.93,81.12,148.0
Kolkata,2018-06-21,31.68,60.16,43.04,6.52,1.42,1.31,13.47,100.0,Satisfactory,24.44,53.19,43.79,9.14,1.7,6.88,49.58,94.0
Kolkata,2018-06-22,25.22,48.96,29.07,6.53,0.39,2.31,30.32,60.0,Satisfactory,31.68,60.16,43.04,6.52,1.42,1.31,13.47,100.0
Kolkata,2018-06-23,22.95,44.58,26.85,5.38,0.38,1.06,22.84,47.0,Good,25.22,48.96,29.07,6.53,0.39,2.31,30.32,60.0
Kolkata,2018-06-24,24.61,46.54,26.32,3.96,0.4,1.1,23.13,48.0,Good,22.95,44.58,26.85,5.38,0.38,1.06,22.84,47.0
Kolkata,2018-06-25,28.6,45.36,45.37,3.62,0.41,1.11,13.56,50.0,Good,24.61,46.54,26.32,3.96,0.4,1.1,23.13,48.0
Kolkata,2018-06-26,30.5,46.08,38.33,3.19,0.38,2.29,34.84,61.0,Satisfactory,28.6,45.36,45.37,3.62,0.41,1.11,13.56,50.0
Kolkata,2018-06-27,22.66,33.83,31.65,3.68,0.38,1.22,20.27,53.0,Satisfactory,30.5,46.08,38.33,3.19,0.38,2.29,34.84,61.0
Kolkata,2018-06-28,24.4,26.42,22.79,6.38,0.31,1.06,23.24,34.0,Good,22.66,33.83,31.65,3.68,0.38,1.22,20.27,53.0
Kolkata,2018-06-29,16.11,35.0,24.17,5.29,0.33,4.46,27.59,46.0,Good,24.4,26.42,22.79,6.38,0.31,1.06,23.24,34.0
Kolkata,2018-06-30,28.7,55.13,18.5,4.44,0.32,4.76,31.3,50.0,Good,16.11,35.0,24.17,5.29,0.33,4.46,27.59,46.0
Kolkata,2018-07-01,27.7,57.99,14.73,3.71,0.32,11.14,37.19,58.0,Satisfactory,28.7,55.13,18.5,4.44,0.32,4.76,31.3,50.0
Kolkata,2018-07-02,29.26,55.35,20.51,2.88,0.37,9.13,40.46,62.0,Satisfactory,27.7,57.99,14.73,3.71,0.32,11.14,37.19,58.0
Kolkata,2018-07-03,27.81,50.73,33.96,1.65,0.39,1.63,21.63,50.0,Good,29.26,55.35,20.51,2.88,0.37,9.13,40.46,62.0
Kolkata,2018-07-04,33.61,53.17,38.44,3.36,0.43,2.12,17.4,58.0,Satisfactory,27.81,50.73,33.96,1.65,0.39,1.63,21.63,50.0
Kolkata,2018-07-05,42.66,47.83,48.15,25.45,0.41,6.57,10.01,57.0,Satisfactory,33.61,53.17,38.44,3.36,0.43,2.12,17.4,58.0
Kolkata,2018-07-06,40.26,65.18,55.18,1.52,0.44,1.09,20.83,77.0,Satisfactory,42.66,47.83,48.15,25.45,0.41,6.57,10.01,57.0
Kolkata,2018-07-07,18.54,37.89,39.9,4.06,0.36,1.29,16.83,65.0,Satisfactory,40.26,65.18,55.18,1.52,0.44,1.09,20.83,77.0
Kolkata,2018-07-08,9.84,28.42,20.99,5.91,0.3,1.35,27.19,36.0,Good,18.54,37.89,39.9,4.06,0.36,1.29,16.83,65.0
Kolkata,2018-07-09,15.7,30.91,43.82,3.46,0.36,1.16,16.92,36.0,Good,9.84,28.42,20.99,5.91,0.3,1.35,27.19,36.0
Kolkata,2018-07-10,18.81,38.66,42.01,1.93,0.37,1.23,14.0,56.0,Satisfactory,15.7,30.91,43.82,3.46,0.36,1.16,16.92,36.0
Kolkata,2018-07-11,18.01,36.07,33.98,5.65,0.38,1.11,18.3,49.0,Good,18.81,38.66,42.01,1.93,0.37,1.23,14.0,56.0
Kolkata,2018-07-12,18.38,36.92,32.37,11.69,0.4,1.28,16.2,42.0,Good,18.01,36.07,33.98,5.65,0.38,1.11,18.3,49.0
Kolkata,2018-07-13,13.55,40.49,34.51,10.37,0.38,0.97,13.9,39.0,Good,18.38,36.92,32.37,11.69,0.4,1.28,16.2,42.0
Kolkata,2018-07-14,12.25,30.87,26.11,9.79,0.37,1.01,12.06,41.0,Good,13.55,40.49,34.51,10.37,0.38,0.97,13.9,39.0
Kolkata,2018-07-15,7.72,19.72,18.71,9.52,0.37,1.08,17.87,28.0,Good,12.25,30.87,26.11,9.79,0.37,1.01,12.06,41.0
Kolkata,2018-07-16,7.64,20.65,27.0,8.72,0.37,1.0,16.58,26.0,Good,7.72,19.72,18.71,9.52,0.37,1.08,17.87,28.0
Kolkata,2018-07-17,12.9,28.06,39.08,8.99,0.38,1.24,13.37,42.0,Good,7.64,20.65,27.0,8.72,0.37,1.0,16.58,26.0
Kolkata,2018-07-18,14.91,29.44,34.29,10.72,0.51,1.03,11.05,46.0,Good,12.9,28.06,39.08,8.99,0.38,1.24,13.37,42.0
Kolkata,2018-07-19,16.16,33.09,37.31,6.39,0.76,1.01,17.28,46.0,Good,14.91,29.44,34.29,10.72,0.51,1.03,11.05,46.0
Kolkata,2018-07-20,17.75,37.53,34.09,6.78,0.77,1.51,10.65,56.0,Satisfactory,16.16,33.09,37.31,6.39,0.76,1.01,17.28,46.0
Kolkata,2018-07-21,6.06,16.48,19.28,7.47,0.63,1.34,16.18,36.0,Good,17.75,37.53,34.09,6.78,0.77,1.51,10.65,56.0
Kolkata,2018-07-22,6.68,12.6,20.14,4.9,0.64,1.63,20.36,34.0,Good,6.06,16.48,19.28,7.47,0.63,1.34,16.18,36.0
Kolkata,2018-07-23,22.03,36.75,41.7,3.33,0.7,1.38,15.98,38.0,Good,6.68,12.6,20.14,4.9,0.64,1.63,20.36,34.0
Kolkata,2018-07-24,23.92,47.38,40.73,2.84,0.71,2.74,16.67,56.0,Satisfactory,22.03,36.75,41.7,3.33,0.7,1.38,15.98,38.0
Kolkata,2018-07-25,32.59,62.02,48.06,1.93,0.74,1.8,11.77,59.0,Satisfactory,23.92,47.38,40.73,2.84,0.71,2.74,16.67,56.0
Kolkata,2018-07-26,23.63,37.21,42.93,2.47,0.75,1.61,7.44,57.0,Satisfactory,32.59,62.02,48.06,1.93,0.74,1.8,11.77,59.0
Kolkata,2018-07-27,28.19,45.99,50.05,4.07,0.7,3.38,10.94,55.0,Satisfactory,23.63,37.21,42.93,2.47,0.75,1.61,7.44,57.0
Kolkata,2018-07-28,40.4,65.45,49.56,4.21,0.77,1.82,15.32,68.0,Satisfactory,28.19,45.99,50.05,4.07,0.7,3.38,10.94,55.0
Kolkata,2018-07-29,44.14,66.64,57.51,3.39,0.84,1.96,14.33,79.0,Satisfactory,40.4,65.45,49.56,4.21,0.77,1.82,15.32,68.0
Kolkata,2018-07-30,33.26,58.03,45.64,3.78,1.07,1.45,21.16,76.0,Satisfactory,44.14,66.64,57.51,3.39,0.84,1.96,14.33,79.0
Kolkata,2018-07-31,37.07,63.95,56.02,2.61,1.22,2.05,17.07,72.0,Satisfactory,33.26,58.03,45.64,3.78,1.07,1.45,21.16,76.0
Kolkata,2018-08-01,29.1,39.94,54.99,5.9,1.16,2.12,16.27,75.0,Satisfactory,37.07,63.95,56.02,2.61,1.22,2.05,17.07,72.0
Kolkata,2018-08-02,33.29,64.64,35.7,8.69,1.17,4.35,20.91,71.0,Satisfactory,29.1,39.94,54.99,5.9,1.16,2.12,16.27,75.0
Kolkata,2018-08-03,41.84,86.59,43.84,6.62,1.31,4.48,17.05,78.0,Satisfactory,33.29,64.64,35.7,8.69,1.17,4.35,20.91,71.0
Kolkata,2018-08-04,42.38,80.48,37.31,6.73,1.27,4.03,21.45,82.0,Satisfactory,41.84,86.59,43.84,6.62,1.31,4.48,17.05,78.0
Kolkata,2018-08-05,33.39,57.79,43.75,5.99,1.4,1.89,12.39,81.0,Satisfactory,42.38,80.48,37.31,6.73,1.27,4.03,21.45,82.0
Kolkata,2018-08-06,33.48,67.16,49.93,7.44,1.54,1.4,6.72,85.0,Satisfactory,33.39,57.79,43.75,5.99,1.4,1.89,12.39,81.0
Kolkata,2018-08-07,15.58,34.3,33.1,5.44,1.23,1.24,13.31,77.0,Satisfactory,33.48,67.16,49.93,7.44,1.54,1.4,6.72,85.0
Kolkata,2018-08-08,18.05,36.65,34.38,14.51,1.17,1.56,14.31,66.0,Satisfactory,15.58,34.3,33.1,5.44,1.23,1.24,13.31,77.0
Kolkata,2018-08-09,17.7,39.71,42.47,11.48,1.27,1.58,10.88,70.0,Satisfactory,18.05,36.65,34.38,14.51,1.17,1.56,14.31,66.0
Kolkata,2018-08-10,22.57,46.16,39.32,9.57,1.26,1.59,15.59,73.0,Satisfactory,17.7,39.71,42.47,11.48,1.27,1.58,10.88,70.0
Kolkata,2018-08-11,19.17,41.21,30.21,9.27,1.23,1.61,12.25,68.0,Satisfactory,22.57,46.16,39.32,9.57,1.26,1.59,15.59,73.0
Kolkata,2018-08-12,16.08,35.46,28.08,8.89,1.22,1.51,8.91,68.0,Satisfactory,19.17,41.21,30.21,9.27,1.23,1.61,12.25,68.0
Kolkata,2018-08-13,14.69,29.3,39.0,18.23,1.2,1.23,6.46,68.0,Satisfactory,16.08,35.46,28.08,8.89,1.22,1.51,8.91,68.0
Kolkata,2018-08-14,11.39,26.66,35.24,10.73,1.23,1.28,5.15,68.0,Satisfactory,14.69,29.3,39.0,18.23,1.2,1.23,6.46,68.0
Kolkata,2018-08-15,6.93,19.88,23.01,11.82,1.13,1.41,10.69,63.0,Satisfactory,11.39,26.66,35.24,10.73,1.23,1.28,5.15,68.0
Kolkata,2018-08-16,12.13,31.55,50.75,13.46,1.18,1.14,8.29,67.0,Satisfactory,6.93,19.88,23.01,11.82,1.13,1.41,10.69,63.0
Kolkata,2018-08-17,16.13,35.59,35.8,10.77,1.25,1.35,10.76,72.0,Satisfactory,12.13,31.55,50.75,13.46,1.18,1.14,8.29,67.0
Kolkata,2018-08-18,17.0,39.15,37.37,13.07,1.18,1.53,9.19,66.0,Satisfactory,16.13,35.59,35.8,10.77,1.25,1.35,10.76,72.0
Kolkata,2018-08-19,27.16,54.35,48.49,10.9,1.34,1.61,4.15,76.0,Satisfactory,17.0,39.15,37.37,13.07,1.18,1.53,9.19,66.0
Kolkata,2018-08-20,12.88,23.27,31.45,13.78,1.18,1.38,9.86,63.0,Satisfactory,27.16,54.35,48.49,10.9,1.34,1.61,4.15,76.0
Kolkata,2018-08-21,8.15,25.76,34.06,14.38,1.21,1.11,8.99,65.0,Satisfactory,12.88,23.27,31.45,13.78,1.18,1.38,9.86,63.0
Kolkata,2018-08-22,23.34,36.64,31.44,10.2,1.34,1.23,20.79,76.0,Satisfactory,8.15,25.76,34.06,14.38,1.21,1.11,8.99,65.0
Kolkata,2018-08-23,30.55,48.8,35.54,8.77,1.26,3.31,23.28,69.0,Satisfactory,23.34,36.64,31.44,10.2,1.34,1.23,20.79,76.0
Kolkata,2018-08-24,30.26,47.99,39.64,8.5,1.29,2.32,19.33,70.0,Satisfactory,30.55,48.8,35.54,8.77,1.26,3.31,23.28,69.0
Kolkata,2018-08-25,20.94,39.66,41.87,7.49,1.24,1.39,8.12,71.0,Satisfactory,30.26,47.99,39.64,8.5,1.29,2.32,19.33,70.0
Kolkata,2018-08-26,7.93,25.17,18.28,7.25,1.04,1.1,9.41,59.0,Satisfactory,20.94,39.66,41.87,7.49,1.24,1.39,8.12,71.0
Kolkata,2018-08-27,7.05,26.27,26.22,8.73,1.09,1.06,10.7,57.0,Satisfactory,7.93,25.17,18.28,7.25,1.04,1.1,9.41,59.0
Kolkata,2018-08-28,12.35,26.25,32.54,11.04,1.14,1.22,9.04,61.0,Satisfactory,7.05,26.27,26.22,8.73,1.09,1.06,10.7,57.0
Kolkata,2018-08-29,14.53,32.85,47.86,11.51,1.03,1.13,6.92,63.0,Satisfactory,12.35,26.25,32.54,11.04,1.14,1.22,9.04,61.0
Kolkata,2018-08-30,29.25,46.54,48.61,10.49,1.36,1.47,6.73,74.0,Satisfactory,14.53,32.85,47.86,11.51,1.03,1.13,6.92,63.0
Kolkata,2018-08-31,33.6,58.22,45.35,8.74,1.34,1.21,10.8,78.0,Satisfactory,29.25,46.54,48.61,10.49,1.36,1.47,6.73,74.0
Kolkata,2018-09-01,12.81,29.29,36.31,14.9,1.17,1.36,15.26,65.0,Satisfactory,33.6,58.22,45.35,8.74,1.34,1.21,10.8,78.0
Kolkata,2018-09-02,17.66,28.39,36.56,14.17,1.22,1.52,16.29,66.0,Satisfactory,12.81,29.29,36.31,14.9,1.17,1.36,15.26,65.0
Kolkata,2018-09-03,33.71,54.09,37.27,11.48,1.19,4.48,24.14,71.0,Satisfactory,17.66,28.39,36.56,14.17,1.22,1.52,16.29,66.0
Kolkata,2018-09-04,49.03,75.89,64.3,9.74,1.47,2.42,12.78,81.0,Satisfactory,33.71,54.09,37.27,11.48,1.19,4.48,24.14,71.0
Kolkata,2018-09-05,29.75,47.56,50.19,11.52,1.28,1.5,10.58,86.0,Satisfactory,49.03,75.89,64.3,9.74,1.47,2.42,12.78,81.0
Kolkata,2018-09-06,11.17,27.02,26.34,17.8,1.01,1.45,20.46,59.0,Satisfactory,29.75,47.56,50.19,11.52,1.28,1.5,10.58,86.0
Kolkata,2018-09-07,14.2,39.94,33.32,13.05,1.07,1.51,22.45,58.0,Satisfactory,11.17,27.02,26.34,17.8,1.01,1.45,20.46,59.0
Kolkata,2018-09-08,20.14,45.48,27.85,9.91,1.24,1.74,18.62,67.0,Satisfactory,14.2,39.94,33.32,13.05,1.07,1.51,22.45,58.0
Kolkata,2018-09-09,19.4,42.79,20.35,9.94,1.11,2.93,25.83,63.0,Satisfactory,20.14,45.48,27.85,9.91,1.24,1.74,18.62,67.0
Kolkata,2018-09-10,29.06,51.97,22.8,9.24,1.15,6.43,26.92,66.0,Satisfactory,19.4,42.79,20.35,9.94,1.11,2.93,25.83,63.0
Kolkata,2018-09-11,35.32,56.64,41.86,7.79,1.36,4.3,21.79,74.0,Satisfactory,29.06,51.97,22.8,9.24,1.15,6.43,26.92,66.0
Kolkata,2018-09-12,46.23,73.8,41.46,7.05,1.41,4.68,20.71,83.0,Satisfactory,35.32,56.64,41.86,7.79,1.36,4.3,21.79,74.0
Kolkata,2018-09-13,56.84,92.4,33.34,6.91,1.35,7.79,35.85,89.0,Satisfactory,46.23,73.8,41.46,7.05,1.41,4.68,20.71,83.0
Kolkata,2018-09-14,55.87,87.69,69.15,6.38,1.61,3.36,20.22,98.0,Satisfactory,56.84,92.4,33.34,6.91,1.35,7.79,35.85,89.0
Kolkata,2018-09-15,56.61,96.62,75.9,6.98,1.83,2.8,12.35,106.0,Moderate,55.87,87.69,69.15,6.38,1.61,3.36,20.22,98.0
Kolkata,2018-09-16,61.52,98.68,61.31,10.18,1.56,1.99,15.22,114.0,Moderate,56.61,96.62,75.9,6.98,1.83,2.8,12.35,106.0
Kolkata,2018-09-17,66.04,108.13,48.96,12.37,1.72,2.89,23.96,105.0,Moderate,61.52,98.68,61.31,10.18,1.56,1.99,15.22,114.0
Kolkata,2018-09-18,61.13,103.62,52.87,11.19,1.61,2.22,25.03,113.0,Moderate,66.04,108.13,48.96,12.37,1.72,2.89,23.96,105.0
Kolkata,2018-09-19,63.91,113.28,47.77,16.55,1.44,2.74,33.35,110.0,Moderate,61.13,103.62,52.87,11.19,1.61,2.22,25.03,113.0
Kolkata,2018-09-20,19.06,35.0,36.65,11.32,1.23,1.72,10.15,80.0,Satisfactory,63.91,113.28,47.77,16.55,1.44,2.74,33.35,110.0
Kolkata,2018-09-21,7.63,15.53,23.36,10.34,1.04,1.63,24.51,57.0,Satisfactory,19.06,35.0,36.65,11.32,1.23,1.72,10.15,80.0
Kolkata,2018-09-22,15.65,31.7,30.81,9.12,1.16,3.35,15.43,63.0,Satisfactory,7.63,15.53,23.36,10.34,1.04,1.63,24.51,57.0
Kolkata,2018-09-23,19.86,43.42,34.33,9.17,1.11,5.47,13.41,67.0,Satisfactory,15.65,31.7,30.81,9.12,1.16,3.35,15.43,63.0
Kolkata,2018-09-24,21.67,46.6,30.76,11.21,1.1,5.85,15.0,60.0,Satisfactory,19.86,43.42,34.33,9.17,1.11,5.47,13.41,67.0
Kolkata,2018-09-25,35.85,63.79,53.11,7.76,1.28,3.73,15.07,75.0,Satisfactory,21.67,46.6,30.76,11.21,1.1,5.85,15.0,60.0
Kolkata,2018-09-26,46.55,75.42,64.01,9.1,1.44,3.41,17.11,91.0,Satisfactory,35.85,63.79,53.11,7.76,1.28,3.73,15.07,75.0
Kolkata,2018-09-27,57.59,88.21,62.43,4.8,1.55,2.82,16.0,99.0,Satisfactory,46.55,75.42,64.01,9.1,1.44,3.41,17.11,91.0
Kolkata,2018-09-28,63.57,97.56,63.4,5.13,1.52,5.17,19.57,102.0,Moderate,57.59,88.21,62.43,4.8,1.55,2.82,16.0,99.0
Kolkata,2018-09-29,60.23,94.97,59.75,6.38,1.52,4.28,23.9,103.0,Moderate,63.57,97.56,63.4,5.13,1.52,5.17,19.57,102.0
Kolkata,2018-09-30,66.41,108.46,47.03,8.55,1.5,3.24,35.84,121.0,Moderate,60.23,94.97,59.75,6.38,1.52,4.28,23.9,103.0
Kolkata,2018-10-01,70.58,134.51,108.47,10.63,1.78,6.26,31.93,143.0,Moderate,66.41,108.46,47.03,8.55,1.5,3.24,35.84,121.0
Kolkata,2018-10-02,62.53,113.68,41.8,13.83,1.38,6.65,42.14,118.0,Moderate,70.58,134.51,108.47,10.63,1.78,6.26,31.93,143.0
Kolkata,2018-10-03,61.41,111.2,49.09,10.76,1.45,9.27,46.57,105.0,Moderate,62.53,113.68,41.8,13.83,1.38,6.65,42.14,118.0
Kolkata,2018-10-04,79.58,140.16,82.71,11.8,1.61,8.72,34.78,145.0,Moderate,61.41,111.2,49.09,10.76,1.45,9.27,46.57,105.0
Kolkata,2018-10-05,91.06,147.47,108.15,15.54,2.01,5.49,33.31,188.0,Moderate,79.58,140.16,82.71,11.8,1.61,8.72,34.78,145.0
Kolkata,2018-10-06,99.65,161.16,127.37,14.98,2.75,5.52,29.99,220.0,Poor,91.06,147.47,108.15,15.54,2.01,5.49,33.31,188.0
Kolkata,2018-10-07,101.69,161.62,144.4,11.16,3.04,9.67,30.2,250.0,Poor,99.65,161.16,127.37,14.98,2.75,5.52,29.99,220.0
Kolkata,2018-10-08,102.72,169.29,152.52,13.55,2.75,8.21,38.19,237.0,Poor,101.69,161.62,144.4,11.16,3.04,9.67,30.2,250.0
Kolkata,2018-10-09,49.4,91.84,48.97,15.7,2.19,4.08,38.89,149.0,Moderate,102.72,169.29,152.52,13.55,2.75,8.21,38.19,237.0
Kolkata,2018-10-10,9.55,24.85,28.66,14.66,1.51,1.89,22.32,83.0,Satisfactory,49.4,91.84,48.97,15.7,2.19,4.08,38.89,149.0
Kolkata,2018-10-11,8.51,19.92,26.49,15.34,2.63,1.79,16.43,107.0,Moderate,9.55,24.85,28.66,14.66,1.51,1.89,22.32,83.0
Kolkata,2018-10-12,17.35,36.08,27.88,15.68,2.73,1.97,10.84,122.0,Moderate,8.51,19.92,26.49,15.34,2.63,1.79,16.43,107.0
Kolkata,2018-10-13,22.46,32.48,23.01,14.83,1.08,2.62,22.45,64.0,Satisfactory,17.35,36.08,27.88,15.68,2.73,1.97,10.84,122.0
Kolkata,2018-10-14,34.8,56.81,44.7,16.35,1.26,6.91,28.7,70.0,Satisfactory,22.46,32.48,23.01,14.83,1.08,2.62,22.45,64.0
Kolkata,2018-10-15,48.46,76.41,46.1,16.14,1.21,9.41,28.02,93.0,Satisfactory,34.8,56.81,44.7,16.35,1.26,6.91,28.7,70.0
Kolkata,2018-10-16,59.26,100.25,65.67,16.78,1.4,9.3,36.2,95.0,Satisfactory,48.46,76.41,46.1,16.14,1.21,9.41,28.02,93.0
Kolkata,2018-10-17,86.87,133.92,120.23,11.86,2.23,9.3,42.92,167.0,Moderate,59.26,100.25,65.67,16.78,1.4,9.3,36.2,95.0
Kolkata,2018-10-18,79.18,124.87,50.37,14.12,1.36,21.04,56.56,156.0,Moderate,86.87,133.92,120.23,11.86,2.23,9.3,42.92,167.0
Kolkata,2018-10-19,83.31,126.23,90.11,9.25,1.56,8.36,38.77,184.0,Moderate,79.18,124.87,50.37,14.12,1.36,21.04,56.56,156.0
Kolkata,2018-10-20,100.26,152.59,130.12,9.38,2.07,10.67,33.6,222.0,Poor,83.31,126.23,90.11,9.25,1.56,8.36,38.77,184.0
Kolkata,2018-10-21,97.88,151.9,103.51,9.82,1.7,7.2,33.48,230.0,Poor,100.26,152.59,130.12,9.38,2.07,10.67,33.6,222.0
Kolkata,2018-10-22,101.08,155.61,146.25,14.11,1.76,11.16,31.51,219.0,Poor,97.88,151.9,103.51,9.82,1.7,7.2,33.48,230.0
Kolkata,2018-10-23,107.64,173.2,171.65,15.53,2.04,10.1,36.96,255.0,Poor,101.08,155.61,146.25,14.11,1.76,11.16,31.51,219.0
Kolkata,2018-10-24,100.85,164.83,113.83,18.14,1.59,12.96,30.75,248.0,Poor,107.64,173.2,171.65,15.53,2.04,10.1,36.96,255.0
Kolkata,2018-10-25,91.93,150.75,168.54,14.0,1.49,8.4,35.76,217.0,Poor,100.85,164.83,113.83,18.14,1.59,12.96,30.75,248.0
Kolkata,2018-10-26,123.38,203.94,236.88,17.84,1.9,11.68,32.06,276.0,Poor,91.93,150.75,168.54,14.0,1.49,8.4,35.76,217.0
Kolkata,2018-10-27,106.58,165.18,196.43,19.28,1.68,6.92,30.92,281.0,Poor,123.38,203.94,236.88,17.84,1.9,11.68,32.06,276.0
Kolkata,2018-10-28,83.47,140.86,115.96,21.67,1.23,7.87,36.02,209.0,Poor,106.58,165.18,196.43,19.28,1.68,6.92,30.92,281.0
Kolkata,2018-10-29,28.53,47.29,54.22,20.77,0.91,2.7,22.42,90.0,Satisfactory,83.47,140.86,115.96,21.67,1.23,7.87,36.02,209.0
Kolkata,2018-10-30,17.27,33.52,44.51,19.22,0.85,2.32,16.74,59.0,Satisfactory,28.53,47.29,54.22,20.77,0.91,2.7,22.42,90.0
Kolkata,2018-10-31,9.37,27.49,46.95,17.75,0.75,2.49,23.47,53.0,Satisfactory,17.27,33.52,44.51,19.22,0.85,2.32,16.74,59.0
Kolkata,2018-11-01,23.18,41.36,80.39,15.74,0.88,2.65,21.77,94.0,Satisfactory,9.37,27.49,46.95,17.75,0.75,2.49,23.47,53.0
Kolkata,2018-11-02,30.72,62.59,114.91,11.35,1.08,4.48,18.5,114.0,Moderate,23.18,41.36,80.39,15.74,0.88,2.65,21.77,94.0
Kolkata,2018-11-03,41.75,78.82,99.86,15.2,1.11,5.74,25.91,125.0,Moderate,30.72,62.59,114.91,11.35,1.08,4.48,18.5,114.0
Kolkata,2018-11-04,30.55,51.67,45.91,17.79,0.84,5.9,32.05,92.0,Satisfactory,41.75,78.82,99.86,15.2,1.11,5.74,25.91,125.0
Kolkata,2018-11-05,32.08,56.14,51.42,13.55,0.95,11.74,28.77,63.0,Satisfactory,30.55,51.67,45.91,17.79,0.84,5.9,32.05,92.0
Kolkata,2018-11-06,102.66,136.51,69.23,13.23,1.06,16.7,39.33,82.0,Satisfactory,32.08,56.14,51.42,13.55,0.95,11.74,28.77,63.0
Kolkata,2018-11-07,233.1,264.82,84.99,22.69,1.4,10.42,29.94,375.0,Very Poor,102.66,136.51,69.23,13.23,1.06,16.7,39.33,82.0
Kolkata,2018-11-08,276.33,360.75,89.73,29.86,1.48,17.82,46.5,431.0,Severe,233.1,264.82,84.99,22.69,1.4,10.42,29.94,375.0
Kolkata,2018-11-09,183.88,285.82,93.59,25.0,1.31,17.1,52.02,350.0,Very Poor,276.33,360.75,89.73,29.86,1.48,17.82,46.5,431.0
Kolkata,2018-11-10,171.76,266.69,102.93,40.26,1.38,17.15,35.59,352.0,Very Poor,183.88,285.82,93.59,25.0,1.31,17.1,52.02,350.0
Kolkata,2018-11-11,132.37,210.28,98.81,42.32,1.26,13.57,31.44,316.0,Very Poor,171.76,266.69,102.93,40.26,1.38,17.15,35.59,352.0
Kolkata,2018-11-12,143.84,262.32,138.99,56.28,1.45,17.98,24.66,297.0,Poor,132.37,210.28,98.81,42.32,1.26,13.57,31.44,316.0
Kolkata,2018-11-13,183.64,294.5,165.31,23.48,1.63,15.13,29.69,331.0,Very Poor,143.84,262.32,138.99,56.28,1.45,17.98,24.66,297.0
Kolkata,2018-11-14,190.03,293.29,126.75,31.77,1.48,16.03,43.47,350.0,Very Poor,183.64,294.5,165.31,23.48,1.63,15.13,29.69,331.0
Kolkata,2018-11-15,172.8,299.16,107.85,31.5,1.16,27.53,42.49,346.0,Very Poor,190.03,293.29,126.75,31.77,1.48,16.03,43.47,350.0
Kolkata,2018-11-16,142.65,263.76,107.78,50.87,1.6,24.68,46.32,325.0,Very Poor,172.8,299.16,107.85,31.5,1.16,27.53,42.49,346.0
Kolkata,2018-11-17,131.5,237.02,116.07,47.97,1.61,17.05,57.08,282.0,Poor,142.65,263.76,107.78,50.87,1.6,24.68,46.32,325.0
Kolkata,2018-11-18,156.47,257.04,96.46,30.69,1.19,10.25,62.91,322.0,Very Poor,131.5,237.02,116.07,47.97,1.61,17.05,57.08,282.0
Kolkata,2018-11-19,130.82,217.97,130.46,42.28,1.42,9.88,56.14,293.0,Poor,156.47,257.04,96.46,30.69,1.19,10.25,62.91,322.0
Kolkata,2018-11-20,160.56,241.45,194.43,48.37,1.96,13.83,38.35,320.0,Very Poor,130.82,217.97,130.46,42.28,1.42,9.88,56.14,293.0
Kolkata,2018-11-21,154.97,230.9,116.07,36.62,1.55,12.99,36.99,335.0,Very Poor,160.56,241.45,194.43,48.37,1.96,13.83,38.35,320.0
Kolkata,2018-11-22,199.32,331.35,205.0,53.8,2.33,13.86,36.76,339.0,Very Poor,154.97,230.9,116.07,36.62,1.55,12.99,36.99,335.0
Kolkata,2018-11-23,187.21,297.11,131.96,55.7,1.27,14.5,39.48,358.0,Very Poor,199.32,331.35,205.0,53.8,2.33,13.86,36.76,339.0
Kolkata,2018-11-24,206.07,347.61,162.28,68.52,1.54,14.76,37.59,357.0,Very Poor,187.21,297.11,131.96,55.7,1.27,14.5,39.48,358.0
Kolkata,2018-11-25,243.93,378.31,154.73,41.36,1.64,11.52,35.77,389.0,Very Poor,206.07,347.61,162.28,68.52,1.54,14.76,37.59,357.0
Kolkata,2018-11-26,164.48,272.33,119.59,40.0,1.22,10.74,34.35,365.0,Very Poor,243.93,378.31,154.73,41.36,1.64,11.52,35.77,389.0
Kolkata,2018-11-27,99.56,175.44,138.81,38.8,1.01,6.29,32.22,291.0,Poor,164.48,272.33,119.59,40.0,1.22,10.74,34.35,365.0
Kolkata,2018-11-28,98.39,161.2,154.33,39.93,1.05,6.56,28.56,260.0,Poor,99.56,175.44,138.81,38.8,1.01,6.29,32.22,291.0
Kolkata,2018-11-29,105.53,176.31,176.65,45.72,1.19,7.1,26.44,282.0,Poor,98.39,161.2,154.33,39.93,1.05,6.56,28.56,260.0
Kolkata,2018-11-30,116.97,218.42,146.49,44.97,1.09,10.51,30.05,274.0,Poor,105.53,176.31,176.65,45.72,1.19,7.1,26.44,282.0
Kolkata,2018-12-01,153.41,254.9,163.69,51.49,1.27,20.5,33.72,308.0,Very Poor,116.97,218.42,146.49,44.97,1.09,10.51,30.05,274.0
Kolkata,2018-12-02,153.39,237.95,111.44,41.01,0.88,8.68,41.84,322.0,Very Poor,153.41,254.9,163.69,51.49,1.27,20.5,33.72,308.0
Kolkata,2018-12-03,168.37,285.2,176.95,44.92,1.18,10.41,37.71,332.0,Very Poor,153.39,237.95,111.44,41.01,0.88,8.68,41.84,322.0
Kolkata,2018-12-04,183.93,316.43,168.94,18.63,1.52,15.9,44.14,343.0,Very Poor,168.37,285.2,176.95,44.92,1.18,10.41,37.71,332.0
Kolkata,2018-12-05,239.87,371.23,191.3,25.56,1.46,16.57,40.55,388.0,Very Poor,183.93,316.43,168.94,18.63,1.52,15.9,44.14,343.0
Kolkata,2018-12-06,220.71,349.49,174.32,38.68,1.29,16.21,46.99,384.0,Very Poor,239.87,371.23,191.3,25.56,1.46,16.57,40.55,388.0
Kolkata,2018-12-07,267.93,418.89,231.23,49.27,1.74,24.28,31.93,425.0,Severe,220.71,349.49,174.32,38.68,1.29,16.21,46.99,384.0
Kolkata,2018-12-08,253.8,388.94,182.55,41.99,1.38,16.87,41.22,399.0,Very Poor,267.93,418.89,231.23,49.27,1.74,24.28,31.93,425.0
Kolkata,2018-12-09,227.13,386.88,214.57,35.12,1.11,12.85,26.85,418.0,Severe,253.8,388.94,182.55,41.99,1.38,16.87,41.22,399.0
Kolkata,2018-12-10,199.91,358.27,204.4,54.08,1.24,9.08,34.42,407.0,Severe,227.13,386.88,214.57,35.12,1.11,12.85,26.85,418.0
Kolkata,2018-12-11,211.39,343.07,222.15,60.72,1.29,13.58,23.0,381.0,Very Poor,199.91,358.27,204.4,54.08,1.24,9.08,34.42,407.0
Kolkata,2018-12-12,183.49,306.69,155.08,44.28,1.03,21.04,32.67,351.0,Very Poor,211.39,343.07,222.15,60.72,1.29,13.58,23.0,381.0
Kolkata,2018-12-13,130.86,227.88,123.37,46.04,0.85,14.05,36.39,325.0,Very Poor,183.49,306.69,155.08,44.28,1.03,21.04,32.67,351.0
Kolkata,2018-12-14,130.09,225.36,96.56,40.07,0.76,15.1,43.76,294.0,Poor,130.86,227.88,123.37,46.04,0.85,14.05,36.39,325.0
Kolkata,2018-12-15,133.61,228.39,104.53,38.0,0.71,19.18,39.71,291.0,Poor,130.09,225.36,96.56,40.07,0.76,15.1,43.76,294.0
Kolkata,2018-12-16,121.38,219.86,87.91,35.79,0.6,18.46,40.94,267.0,Poor,133.61,228.39,104.53,38.0,0.71,19.18,39.71,291.0
Kolkata,2018-12-17,116.95,187.51,63.69,41.99,0.6,10.33,29.16,276.0,Poor,121.38,219.86,87.91,35.79,0.6,18.46,40.94,267.0
Kolkata,2018-12-18,64.86,98.44,57.19,32.24,0.5,5.67,28.42,183.0,Moderate,116.95,187.51,63.69,41.99,0.6,10.33,29.16,276.0
Kolkata,2018-12-19,74.22,121.56,103.22,35.2,0.61,12.18,24.23,133.0,Moderate,64.86,98.44,57.19,32.24,0.5,5.67,28.42,183.0
Kolkata,2018-12-20,122.11,198.5,154.02,39.93,0.84,10.48,31.29,224.0,Poor,74.22,121.56,103.22,35.2,0.61,12.18,24.23,133.0
Kolkata,2018-12-21,204.44,325.61,221.78,55.48,1.36,11.34,36.24,340.0,Very Poor,122.11,198.5,154.02,39.93,0.84,10.48,31.29,224.0
Kolkata,2018-12-22,231.21,349.32,183.08,24.58,1.26,16.51,33.35,382.0,Very Poor,204.44,325.61,221.78,55.48,1.36,11.34,36.24,340.0
Kolkata,2018-12-23,204.65,303.95,148.17,22.33,0.86,13.09,33.49,371.0,Very Poor,231.21,349.32,183.08,24.58,1.26,16.51,33.35,382.0
Kolkata,2018-12-24,177.51,264.89,154.22,16.92,0.67,13.81,28.98,347.0,Very Poor,204.65,303.95,148.17,22.33,0.86,13.09,33.49,371.0
Kolkata,2018-12-25,209.44,341.74,216.5,11.43,1.07,15.73,35.91,356.0,Very Poor,177.51,264.89,154.22,16.92,0.67,13.81,28.98,347.0
Kolkata,2018-12-26,197.41,311.48,194.51,15.89,1.09,13.82,39.09,372.0,Very Poor,209.44,341.74,216.5,11.43,1.07,15.73,35.91,356.0
Kolkata,2018-12-27,258.54,384.73,222.65,15.6,1.54,17.99,29.47,390.0,Very Poor,197.41,311.48,194.51,15.89,1.09,13.82,39.09,372.0
Kolkata,2018-12-28,222.12,336.24,202.67,18.61,1.25,15.3,27.13,387.0,Very Poor,258.54,384.73,222.65,15.6,1.54,17.99,29.47,390.0
Kolkata,2018-12-29,237.11,348.02,224.02,17.35,1.26,16.06,32.55,379.0,Very Poor,222.12,336.24,202.67,18.61,1.25,15.3,27.13,387.0
Kolkata,2018-12-30,187.3,285.55,136.55,21.86,0.73,18.29,37.12,370.0,Very Poor,237.11,348.02,224.02,17.35,1.26,16.06,32.55,379.0
Kolkata,2018-12-31,177.21,276.41,130.83,21.22,0.86,17.07,42.57,341.0,Very Poor,187.3,285.55,136.55,21.86,0.73,18.29,37.12,370.0
Kolkata,2019-01-01,209.31,326.78,181.53,22.05,0.95,15.4,30.24,370.0,Very Poor,177.21,276.41,130.83,21.22,0.86,17.07,42.57,341.0
Kolkata,2019-01-02,172.39,261.09,174.35,22.9,0.87,15.62,31.57,351.0,Very Poor,209.31,326.78,181.53,22.05,0.95,15.4,30.24,370.0
Kolkata,2019-01-03,244.09,381.78,293.1,17.46,1.26,26.2,29.72,363.0,Very Poor,172.39,261.09,174.35,22.9,0.87,15.62,31.57,351.0
Kolkata,2019-01-04,264.84,385.24,155.73,27.33,1.13,17.16,38.73,431.0,Severe,244.09,381.78,293.1,17.46,1.26,26.2,29.72,363.0
Kolkata,2019-01-05,219.26,332.24,188.3,27.42,1.17,15.03,27.99,391.0,Very Poor,264.84,385.24,155.73,27.33,1.13,17.16,38.73,431.0
Kolkata,2019-01-06,159.43,252.16,165.36,25.95,0.89,15.71,26.33,346.0,Very Poor,219.26,332.24,188.3,27.42,1.17,15.03,27.99,391.0
Kolkata,2019-01-07,158.89,263.39,204.26,25.3,1.07,18.81,25.28,335.0,Very Poor,159.43,252.16,165.36,25.95,0.89,15.71,26.33,346.0
Kolkata,2019-01-08,175.47,265.22,168.48,26.49,1.07,15.88,26.97,335.0,Very Poor,158.89,263.39,204.26,25.3,1.07,18.81,25.28,335.0
Kolkata,2019-01-09,189.25,283.42,177.89,26.33,1.05,17.69,30.2,346.0,Very Poor,175.47,265.22,168.48,26.49,1.07,15.88,26.97,335.0
Kolkata,2019-01-10,227.08,326.44,176.34,23.65,1.19,17.29,40.45,369.0,Very Poor,189.25,283.42,177.89,26.33,1.05,17.69,30.2,346.0
Kolkata,2019-01-11,211.01,317.78,188.16,25.53,1.24,17.27,41.86,369.0,Very Poor,227.08,326.44,176.34,23.65,1.19,17.29,40.45,369.0
Kolkata,2019-01-12,264.75,385.31,244.34,28.39,1.42,18.51,29.41,405.0,Severe,211.01,317.78,188.16,25.53,1.24,17.27,41.86,369.0
Kolkata,2019-01-13,219.44,318.17,168.99,26.79,1.09,15.44,30.75,387.0,Very Poor,264.75,385.31,244.34,28.39,1.42,18.51,29.41,405.0
Kolkata,2019-01-14,282.9,417.05,252.14,28.07,1.67,26.99,28.09,408.0,Severe,219.44,318.17,168.99,26.79,1.09,15.44,30.75,387.0
Kolkata,2019-01-15,217.59,320.85,151.68,37.09,1.1,17.35,32.47,406.0,Severe,282.9,417.05,252.14,28.07,1.67,26.99,28.09,408.0
Kolkata,2019-01-16,157.3,255.7,129.08,42.75,1.26,20.9,38.73,338.0,Very Poor,217.59,320.85,151.68,37.09,1.1,17.35,32.47,406.0
Kolkata,2019-01-17,208.75,348.3,189.6,52.08,1.59,26.21,30.3,349.0,Very Poor,157.3,255.7,129.08,42.75,1.26,20.9,38.73,338.0
Kolkata,2019-01-18,230.95,363.72,185.42,47.43,1.84,22.4,32.22,381.0,Very Poor,208.75,348.3,189.6,52.08,1.59,26.21,30.3,349.0
Kolkata,2019-01-19,269.06,394.67,210.46,51.51,1.99,19.8,28.38,421.0,Severe,230.95,363.72,185.42,47.43,1.84,22.4,32.22,381.0
Kolkata,2019-01-20,252.42,392.0,207.49,46.52,1.64,19.09,27.88,407.0,Severe,269.06,394.67,210.46,51.51,1.99,19.8,28.38,421.0
Kolkata,2019-01-21,266.1,419.43,237.22,54.25,2.32,19.0,27.81,425.0,Severe,252.42,392.0,207.49,46.52,1.64,19.09,27.88,407.0
Kolkata,2019-01-22,304.74,469.32,236.91,55.15,2.75,20.1,26.05,463.0,Severe,266.1,419.43,237.22,54.25,2.32,19.0,27.81,425.0
Kolkata,2019-01-23,282.8,396.97,213.42,31.01,2.44,12.3,26.88,475.0,Severe,304.74,469.32,236.91,55.15,2.75,20.1,26.05,463.0
Kolkata,2019-01-24,214.45,322.12,220.84,34.88,1.67,13.85,27.88,391.0,Very Poor,282.8,396.97,213.42,31.01,2.44,12.3,26.88,475.0
Kolkata,2019-01-25,157.14,246.66,182.61,32.01,1.24,10.03,26.43,346.0,Very Poor,214.45,322.12,220.84,34.88,1.67,13.85,27.88,391.0
Kolkata,2019-01-26,126.08,203.17,127.36,30.14,0.77,11.32,26.47,299.0,Poor,157.14,246.66,182.61,32.01,1.24,10.03,26.43,346.0
Kolkata,2019-01-27,112.94,188.34,115.22,28.35,0.72,16.05,20.07,255.0,Poor,126.08,203.17,127.36,30.14,0.77,11.32,26.47,299.0
Kolkata,2019-01-28,112.49,180.14,96.7,26.23,0.68,13.26,21.45,258.0,Poor,112.94,188.34,115.22,28.35,0.72,16.05,20.07,255.0
Kolkata,2019-01-29,97.05,175.72,113.39,23.96,0.75,11.3,29.48,233.0,Poor,112.49,180.14,96.7,26.23,0.68,13.26,21.45,258.0
Kolkata,2019-01-30,103.58,181.31,120.43,21.48,0.76,16.51,27.14,242.0,Poor,97.05,175.72,113.39,23.96,0.75,11.3,29.48,233.0
Kolkata,2019-01-31,153.89,270.09,168.14,22.98,1.34,17.51,27.95,291.0,Poor,103.58,181.31,120.43,21.48,0.76,16.51,27.14,242.0
Kolkata,2019-02-01,163.65,273.34,171.45,24.97,1.21,15.86,23.87,331.0,Very Poor,153.89,270.09,168.14,22.98,1.34,17.51,27.95,291.0
Kolkata,2019-02-02,207.09,322.73,173.02,26.82,1.99,17.26,25.28,361.0,Very Poor,163.65,273.34,171.45,24.97,1.21,15.86,23.87,331.0
Kolkata,2019-02-03,183.64,336.02,189.74,24.83,1.84,17.89,25.36,356.0,Very Poor,207.09,322.73,173.02,26.82,1.99,17.26,25.28,361.0
Kolkata,2019-02-04,164.48,293.11,204.14,26.51,1.73,17.94,22.73,335.0,Very Poor,183.64,336.02,189.74,24.83,1.84,17.89,25.36,356.0
Kolkata,2019-02-05,169.86,290.85,194.0,25.08,1.67,20.74,24.65,337.0,Very Poor,164.48,293.11,204.14,26.51,1.73,17.94,22.73,335.0
Kolkata,2019-02-06,194.51,342.34,220.76,26.96,1.83,20.69,23.91,349.0,Very Poor,169.86,290.85,194.0,25.08,1.67,20.74,24.65,337.0
Kolkata,2019-02-07,180.67,295.97,210.32,35.17,1.62,20.81,32.07,350.0,Very Poor,194.51,342.34,220.76,26.96,1.83,20.69,23.91,349.0
Kolkata,2019-02-08,153.28,264.95,144.8,37.98,1.16,14.83,42.62,321.0,Very Poor,180.67,295.97,210.32,35.17,1.62,20.81,32.07,350.0
Kolkata,2019-02-09,113.11,167.61,53.9,34.76,0.79,11.0,46.31,275.0,Poor,153.28,264.95,144.8,37.98,1.16,14.83,42.62,321.0
Kolkata,2019-02-10,57.85,112.72,71.46,28.27,0.51,9.65,40.21,178.0,Moderate,113.11,167.61,53.9,34.76,0.79,11.0,46.31,275.0
Kolkata,2019-02-11,90.05,161.6,112.75,30.21,0.75,14.16,34.89,167.0,Moderate,57.85,112.72,71.46,28.27,0.51,9.65,40.21,178.0
Kolkata,2019-02-12,125.98,212.8,161.49,29.97,1.02,15.6,30.7,264.0,Poor,90.05,161.6,112.75,30.21,0.75,14.16,34.89,167.0
Kolkata,2019-02-13,130.91,254.19,182.41,32.89,1.34,23.16,32.22,288.0,Poor,125.98,212.8,161.49,29.97,1.02,15.6,30.7,264.0
Kolkata,2019-02-14,195.34,345.73,165.88,62.5,1.99,23.53,31.43,345.0,Very Poor,130.91,254.19,182.41,32.89,1.34,23.16,32.22,288.0
Kolkata,2019-02-15,206.83,339.86,193.43,85.39,1.79,22.63,35.48,360.0,Very Poor,195.34,345.73,165.88,62.5,1.99,23.53,31.43,345.0
Kolkata,2019-02-16,115.8,208.77,157.32,60.77,1.16,18.54,24.87,307.0,Very Poor,206.83,339.86,193.43,85.39,1.79,22.63,35.48,360.0
Kolkata,2019-02-17,96.52,160.84,106.35,48.23,0.85,13.68,33.05,229.0,Poor,115.8,208.77,157.32,60.77,1.16,18.54,24.87,307.0
Kolkata,2019-02-18,113.34,183.53,144.71,48.66,1.0,12.89,37.06,240.0,Poor,96.52,160.84,106.35,48.23,0.85,13.68,33.05,229.0
Kolkata,2019-02-19,152.16,245.83,170.14,56.64,1.15,17.81,36.19,295.0,Poor,113.34,183.53,144.71,48.66,1.0,12.89,37.06,240.0
Kolkata,2019-02-20,95.73,159.86,87.32,55.99,0.91,12.49,33.69,236.0,Poor,152.16,245.83,170.14,56.64,1.15,17.81,36.19,295.0
Kolkata,2019-02-21,157.09,272.5,168.78,54.45,1.26,20.43,32.41,278.0,Poor,95.73,159.86,87.32,55.99,0.91,12.49,33.69,236.0
Kolkata,2019-02-22,94.94,158.75,93.64,50.78,0.83,25.43,25.74,247.0,Poor,157.09,272.5,168.78,54.45,1.26,20.43,32.41,278.0
Kolkata,2019-02-23,106.79,193.57,116.67,60.9,1.1,16.1,31.98,224.0,Poor,94.94,158.75,93.64,50.78,0.83,25.43,25.74,247.0
Kolkata,2019-02-24,114.95,221.88,107.33,64.72,0.86,13.3,41.71,286.0,Poor,106.79,193.57,116.67,60.9,1.1,16.1,31.98,224.0
Kolkata,2019-02-25,81.45,131.38,85.86,46.3,0.79,8.47,27.38,205.0,Poor,114.95,221.88,107.33,64.72,0.86,13.3,41.71,286.0
Kolkata,2019-02-26,49.4,75.42,59.51,38.37,0.73,3.7,21.92,135.0,Moderate,81.45,131.38,85.86,46.3,0.79,8.47,27.38,205.0
Kolkata,2019-02-27,28.96,42.82,58.94,34.33,0.59,2.95,26.06,76.0,Satisfactory,49.4,75.42,59.51,38.37,0.73,3.7,21.92,135.0
Kolkata,2019-02-28,36.08,52.25,72.67,32.36,0.73,5.14,23.41,75.0,Satisfactory,28.96,42.82,58.94,34.33,0.59,2.95,26.06,76.0
Kolkata,2019-03-01,60.77,107.96,112.11,32.18,0.89,8.9,32.55,141.0,Moderate,36.08,52.25,72.67,32.36,0.73,5.14,23.41,75.0
Kolkata,2019-03-02,85.85,146.83,145.9,41.52,1.09,8.6,35.5,199.0,Moderate,60.77,107.96,112.11,32.18,0.89,8.9,32.55,141.0
Kolkata,2019-03-03,114.86,202.87,184.71,53.32,1.45,16.2,32.47,256.0,Poor,85.85,146.83,145.9,41.52,1.09,8.6,35.5,199.0
Kolkata,2019-03-04,97.47,170.15,76.91,43.07,0.89,9.85,26.06,242.0,Poor,114.86,202.87,184.71,53.32,1.45,16.2,32.47,256.0
Kolkata,2019-03-05,56.44,109.62,64.23,38.38,0.9,5.93,24.63,129.0,Moderate,97.47,170.15,76.91,43.07,0.89,9.85,26.06,242.0
Kolkata,2019-03-06,73.88,124.15,63.38,37.14,0.97,7.96,31.1,144.0,Moderate,56.44,109.62,64.23,38.38,0.9,5.93,24.63,129.0
Kolkata,2019-03-07,89.06,167.12,105.76,41.93,1.0,11.84,32.06,212.0,Poor,73.88,124.15,63.38,37.14,0.97,7.96,31.1,144.0
Kolkata,2019-03-08,82.36,165.43,144.29,46.74,0.97,13.53,26.62,184.0,Moderate,89.06,167.12,105.76,41.93,1.0,11.84,32.06,212.0
Kolkata,2019-03-09,85.52,175.94,114.58,43.19,0.82,16.01,30.96,200.0,Moderate,82.36,165.43,144.29,46.74,0.97,13.53,26.62,184.0
Kolkata,2019-03-10,66.32,122.77,51.45,39.78,0.72,7.45,19.05,162.0,Moderate,85.52,175.94,114.58,43.19,0.82,16.01,30.96,200.0
Kolkata,2019-03-11,64.17,127.44,62.74,35.33,0.8,5.58,22.84,101.0,Moderate,66.32,122.77,51.45,39.78,0.72,7.45,19.05,162.0
Kolkata,2019-03-12,90.0,154.9,68.37,27.17,0.71,19.58,35.94,189.0,Moderate,64.17,127.44,62.74,35.33,0.8,5.58,22.84,101.0
Kolkata,2019-03-13,68.87,119.24,59.13,25.73,0.77,12.43,30.06,150.0,Moderate,90.0,154.9,68.37,27.17,0.71,19.58,35.94,189.0
Kolkata,2019-03-14,89.98,140.82,61.94,26.32,0.74,13.13,51.84,178.0,Moderate,68.87,119.24,59.13,25.73,0.77,12.43,30.06,150.0
Kolkata,2019-03-15,88.46,155.33,94.18,29.01,0.83,13.91,37.35,207.0,Poor,89.98,140.82,61.94,26.32,0.74,13.13,51.84,178.0
Kolkata,2019-03-16,52.9,100.16,91.18,29.14,0.65,13.23,35.03,130.0,Moderate,88.46,155.33,94.18,29.01,0.83,13.91,37.35,207.0
Kolkata,2019-03-17,75.4,132.31,59.27,28.02,0.7,9.02,48.76,131.0,Moderate,52.9,100.16,91.18,29.14,0.65,13.23,35.03,130.0
Kolkata,2019-03-18,48.07,108.15,105.42,26.32,0.65,10.32,34.25,119.0,Moderate,75.4,132.31,59.27,28.02,0.7,9.02,48.76,131.0
Kolkata,2019-03-19,60.48,103.34,68.85,25.75,0.63,15.86,42.37,122.0,Moderate,48.07,108.15,105.42,26.32,0.65,10.32,34.25,119.0
Kolkata,2019-03-20,67.03,118.0,75.71,25.01,0.64,12.53,31.66,115.0,Moderate,60.48,103.34,68.85,25.75,0.63,15.86,42.37,122.0
Kolkata,2019-03-21,60.11,97.86,38.61,21.34,0.54,8.64,46.59,144.0,Moderate,67.03,118.0,75.71,25.01,0.64,12.53,31.66,115.0
Kolkata,2019-03-22,50.03,83.88,43.6,21.23,0.57,9.5,35.42,98.0,Satisfactory,60.11,97.86,38.61,21.34,0.54,8.64,46.59,144.0
Kolkata,2019-03-23,67.63,122.27,127.95,21.67,0.79,11.87,36.75,114.0,Moderate,50.03,83.88,43.6,21.23,0.57,9.5,35.42,98.0
Kolkata,2019-03-24,81.82,152.03,139.59,25.66,0.88,12.09,42.97,192.0,Moderate,67.63,122.27,127.95,21.67,0.79,11.87,36.75,114.0
Kolkata,2019-03-25,100.22,210.26,171.26,35.33,1.04,16.5,39.48,226.0,Poor,81.82,152.03,139.59,25.66,0.88,12.09,42.97,192.0
Kolkata,2019-03-26,82.49,174.78,55.92,29.64,0.63,7.53,44.18,214.0,Poor,100.22,210.26,171.26,35.33,1.04,16.5,39.48,226.0
Kolkata,2019-03-27,62.36,134.81,77.2,26.15,0.57,18.68,49.46,141.0,Moderate,82.49,174.78,55.92,29.64,0.63,7.53,44.18,214.0
Kolkata,2019-03-28,61.16,119.54,54.09,26.26,0.61,7.42,36.53,133.0,Moderate,62.36,134.81,77.2,26.15,0.57,18.68,49.46,141.0
Kolkata,2019-03-29,53.72,103.52,47.0,24.11,0.47,6.59,23.47,116.0,Moderate,61.16,119.54,54.09,26.26,0.61,7.42,36.53,133.0
Kolkata,2019-03-30,54.17,105.96,40.34,22.53,0.56,5.71,28.42,96.0,Satisfactory,53.72,103.52,47.0,24.11,0.47,6.59,23.47,116.0
Kolkata,2019-03-31,50.23,92.3,31.47,19.37,0.57,4.4,19.9,106.0,Moderate,54.17,105.96,40.34,22.53,0.56,5.71,28.42,96.0
Kolkata,2019-04-01,27.98,57.67,28.93,21.12,0.5,2.04,30.51,74.0,Satisfactory,50.23,92.3,31.47,19.37,0.57,4.4,19.9,106.0
Kolkata,2019-04-02,47.53,89.35,40.57,19.12,0.61,3.68,23.58,69.0,Satisfactory,27.98,57.67,28.93,21.12,0.5,2.04,30.51,74.0
Kolkata,2019-04-03,43.55,90.75,28.83,18.48,0.47,2.55,25.05,88.0,Satisfactory,47.53,89.35,40.57,19.12,0.61,3.68,23.58,69.0
Kolkata,2019-04-04,41.47,80.25,30.77,15.35,0.43,4.67,19.76,83.0,Satisfactory,43.55,90.75,28.83,18.48,0.47,2.55,25.05,88.0
Kolkata,2019-04-05,43.05,81.36,32.13,16.33,0.44,3.5,22.93,79.0,Satisfactory,41.47,80.25,30.77,15.35,0.43,4.67,19.76,83.0
Kolkata,2019-04-06,41.82,82.13,59.35,20.13,0.54,9.6,29.98,86.0,Satisfactory,43.05,81.36,32.13,16.33,0.44,3.5,22.93,79.0
Kolkata,2019-04-07,33.47,58.14,42.44,20.1,0.55,7.76,49.77,79.0,Satisfactory,41.82,82.13,59.35,20.13,0.54,9.6,29.98,86.0
Kolkata,2019-04-08,34.9,64.37,46.27,20.36,0.5,7.44,42.33,77.0,Satisfactory,33.47,58.14,42.44,20.1,0.55,7.76,49.77,79.0
Kolkata,2019-04-09,36.38,65.76,43.97,19.69,0.5,6.02,28.62,68.0,Satisfactory,34.9,64.37,46.27,20.36,0.5,7.44,42.33,77.0
Kolkata,2019-04-10,30.36,55.27,48.41,19.36,0.55,2.42,23.1,66.0,Satisfactory,36.38,65.76,43.97,19.69,0.5,6.02,28.62,68.0
Kolkata,2019-04-11,36.29,63.16,31.06,16.09,0.52,2.6,19.43,60.0,Satisfactory,30.36,55.27,48.41,19.36,0.55,2.42,23.1,66.0
Kolkata,2019-04-12,34.96,61.52,33.18,15.03,0.5,3.84,19.96,63.0,Satisfactory,36.29,63.16,31.06,16.09,0.52,2.6,19.43,60.0
Kolkata,2019-04-13,38.4,74.74,32.54,15.32,0.52,5.79,33.37,73.0,Satisfactory,34.96,61.52,33.18,15.03,0.5,3.84,19.96,63.0
Kolkata,2019-04-14,37.68,63.15,24.9,17.45,0.48,4.64,33.32,67.0,Satisfactory,38.4,74.74,32.54,15.32,0.52,5.79,33.37,73.0
Kolkata,2019-04-15,37.91,67.16,25.66,14.29,0.45,5.11,24.06,68.0,Satisfactory,37.68,63.15,24.9,17.45,0.48,4.64,33.32,67.0
Kolkata,2019-04-16,52.47,101.54,27.57,13.11,0.45,5.58,26.09,79.0,Satisfactory,37.91,67.16,25.66,14.29,0.45,5.11,24.06,68.0
Kolkata,2019-04-17,64.22,123.58,33.68,20.08,0.46,8.33,35.68,119.0,Moderate,52.47,101.54,27.57,13.11,0.45,5.58,26.09,79.0
Kolkata,2019-04-18,76.6,171.99,57.95,35.59,0.72,17.22,39.97,169.0,Moderate,64.22,123.58,33.68,20.08,0.46,8.33,35.68,119.0
Kolkata,2019-04-19,77.82,151.69,54.13,34.68,0.6,14.5,35.89,166.0,Moderate,76.6,171.99,57.95,35.59,0.72,17.22,39.97,169.0
Kolkata,2019-04-20,55.14,98.35,39.07,30.64,0.6,16.72,52.21,135.0,Moderate,77.82,151.69,54.13,34.68,0.6,14.5,35.89,166.0
Kolkata,2019-04-21,41.44,75.8,23.98,27.13,0.52,4.77,38.43,86.0,Satisfactory,55.14,98.35,39.07,30.64,0.6,16.72,52.21,135.0
Kolkata,2019-04-22,47.76,85.76,40.14,29.99,0.58,8.1,37.74,87.0,Satisfactory,41.44,75.8,23.98,27.13,0.52,4.77,38.43,86.0
Kolkata,2019-04-23,38.95,72.86,42.83,28.6,0.54,7.66,41.3,87.0,Satisfactory,47.76,85.76,40.14,29.99,0.58,8.1,37.74,87.0
Kolkata,2019-04-24,36.62,66.55,35.54,26.55,0.46,5.21,25.59,80.0,Satisfactory,38.95,72.86,42.83,28.6,0.54,7.66,41.3,87.0
Kolkata,2019-04-25,32.45,59.51,33.76,21.53,0.45,4.26,18.84,65.0,Satisfactory,36.62,66.55,35.54,26.55,0.46,5.21,25.59,80.0
Kolkata,2019-04-26,40.39,79.62,32.7,21.9,0.44,3.16,19.95,66.0,Satisfactory,32.45,59.51,33.76,21.53,0.45,4.26,18.84,65.0
Kolkata,2019-04-27,46.78,89.61,30.78,20.64,0.48,4.1,17.74,85.0,Satisfactory,40.39,79.62,32.7,21.9,0.44,3.16,19.95,66.0
Kolkata,2019-04-28,37.93,77.14,23.38,15.87,0.42,3.48,15.98,82.0,Satisfactory,46.78,89.61,30.78,20.64,0.48,4.1,17.74,85.0
Kolkata,2019-04-29,27.48,102.42,25.17,14.68,0.37,3.31,13.32,78.0,Satisfactory,37.93,77.14,23.38,15.87,0.42,3.48,15.98,82.0
Kolkata,2019-04-30,24.32,141.78,25.85,10.87,0.4,4.82,17.49,120.0,Moderate,27.48,102.42,25.17,14.68,0.37,3.31,13.32,78.0
Kolkata,2019-05-01,19.24,94.91,25.54,13.34,0.36,2.76,20.71,73.0,Satisfactory,24.32,141.78,25.85,10.87,0.4,4.82,17.49,120.0
Kolkata,2019-05-02,17.81,83.54,26.14,13.63,0.34,1.99,20.38,36.0,Good,19.24,94.91,25.54,13.34,0.36,2.76,20.71,73.0
Kolkata,2019-05-03,16.59,56.12,19.09,13.3,0.41,1.73,26.59,38.0,Good,17.81,83.54,26.14,13.63,0.34,1.99,20.38,36.0
Kolkata,2019-05-04,22.34,39.22,31.4,12.25,0.55,2.6,28.41,49.0,Good,16.59,56.12,19.09,13.3,0.41,1.73,26.59,38.0
Kolkata,2019-05-05,55.45,108.43,52.48,6.14,0.72,3.14,26.49,86.0,Satisfactory,22.34,39.22,31.4,12.25,0.55,2.6,28.41,49.0
Kolkata,2019-05-06,55.4,127.11,18.19,4.93,0.47,1.93,37.33,108.0,Moderate,55.45,108.43,52.48,6.14,0.72,3.14,26.49,86.0
Kolkata,2019-05-07,61.78,126.2,23.38,5.49,0.53,1.52,37.0,116.0,Moderate,55.4,127.11,18.19,4.93,0.47,1.93,37.33,108.0
Kolkata,2019-05-08,67.4,133.0,24.77,4.85,0.49,1.44,34.46,122.0,Moderate,61.78,126.2,23.38,5.49,0.53,1.52,37.0,116.0
Kolkata,2019-05-09,66.57,132.1,20.84,4.74,0.46,1.67,37.19,124.0,Moderate,67.4,133.0,24.77,4.85,0.49,1.44,34.46,122.0
Kolkata,2019-05-10,65.47,129.42,17.43,3.81,0.49,1.82,41.67,126.0,Moderate,66.57,132.1,20.84,4.74,0.46,1.67,37.19,124.0
Kolkata,2019-05-11,55.4,121.13,16.95,9.62,0.47,1.57,37.14,117.0,Moderate,65.47,129.42,17.43,3.81,0.49,1.82,41.67,126.0
Kolkata,2019-05-12,53.61,109.67,12.6,7.85,0.42,1.33,33.64,107.0,Moderate,55.4,121.13,16.95,9.62,0.47,1.57,37.14,117.0
Kolkata,2019-05-13,47.28,97.99,13.4,6.27,0.42,1.62,33.51,100.0,Satisfactory,53.61,109.67,12.6,7.85,0.42,1.33,33.64,107.0
Kolkata,2019-05-14,37.4,82.31,18.51,7.8,0.48,2.39,29.68,84.0,Satisfactory,47.28,97.99,13.4,6.27,0.42,1.62,33.51,100.0
Kolkata,2019-05-15,42.19,88.6,22.07,6.9,0.5,1.78,27.24,98.0,Satisfactory,37.4,82.31,18.51,7.8,0.48,2.39,29.68,84.0
Kolkata,2019-05-16,44.95,87.16,22.06,7.11,0.57,1.87,30.25,90.0,Satisfactory,42.19,88.6,22.07,6.9,0.5,1.78,27.24,98.0
Kolkata,2019-05-17,52.68,96.98,19.35,6.73,0.52,1.64,27.0,93.0,Satisfactory,44.95,87.16,22.06,7.11,0.57,1.87,30.25,90.0
Kolkata,2019-05-18,50.03,99.23,14.22,6.52,0.45,1.79,25.91,96.0,Satisfactory,52.68,96.98,19.35,6.73,0.52,1.64,27.0,93.0
Kolkata,2019-05-19,51.42,96.62,13.94,7.14,0.47,2.71,28.2,96.0,Satisfactory,50.03,99.23,14.22,6.52,0.45,1.79,25.91,96.0
Kolkata,2019-05-20,43.74,91.54,16.12,5.84,0.49,2.54,19.94,92.0,Satisfactory,51.42,96.62,13.94,7.14,0.47,2.71,28.2,96.0
Kolkata,2019-05-21,38.55,88.64,15.96,5.18,0.5,1.78,17.88,90.0,Satisfactory,43.74,91.54,16.12,5.84,0.49,2.54,19.94,92.0
Kolkata,2019-05-22,40.31,91.94,14.12,5.82,0.52,3.0,18.33,86.0,Satisfactory,38.55,88.64,15.96,5.18,0.5,1.78,17.88,90.0
Kolkata,2019-05-23,32.48,72.04,11.85,6.08,0.47,2.35,22.57,82.0,Satisfactory,40.31,91.94,14.12,5.82,0.52,3.0,18.33,86.0
Kolkata,2019-05-24,33.18,79.78,18.12,6.43,0.45,2.93,19.37,74.0,Satisfactory,32.48,72.04,11.85,6.08,0.47,2.35,22.57,82.0
Kolkata,2019-05-25,30.37,66.61,20.42,7.0,0.49,2.61,21.3,75.0,Satisfactory,33.18,79.78,18.12,6.43,0.45,2.93,19.37,74.0
Kolkata,2019-05-26,36.76,72.29,22.55,7.16,0.51,2.58,23.85,66.0,Satisfactory,30.37,66.61,20.42,7.0,0.49,2.61,21.3,75.0
Kolkata,2019-05-27,47.25,92.1,16.86,6.88,0.47,2.36,22.65,87.0,Satisfactory,36.76,72.29,22.55,7.16,0.51,2.58,23.85,66.0
Kolkata,2019-05-28,43.54,89.93,16.41,6.77,0.47,2.24,23.24,89.0,Satisfactory,47.25,92.1,16.86,6.88,0.47,2.36,22.65,87.0
Kolkata,2019-05-29,44.23,87.26,14.49,5.26,0.5,2.25,28.21,86.0,Satisfactory,43.54,89.93,16.41,6.77,0.47,2.24,23.24,89.0
Kolkata,2019-05-30,37.55,77.52,15.27,5.43,0.45,2.49,24.22,83.0,Satisfactory,44.23,87.26,14.49,5.26,0.5,2.25,28.21,86.0
Kolkata,2019-05-31,31.79,71.66,13.98,5.67,0.4,2.38,19.31,76.0,Satisfactory,37.55,77.52,15.27,5.43,0.45,2.49,24.22,83.0
Kolkata,2019-06-01,36.25,69.53,20.47,4.15,0.4,2.88,26.32,76.0,Satisfactory,31.79,71.66,13.98,5.67,0.4,2.38,19.31,76.0
Kolkata,2019-06-02,28.84,57.42,23.31,5.08,0.36,2.42,24.97,69.0,Satisfactory,36.25,69.53,20.47,4.15,0.4,2.88,26.32,76.0
Kolkata,2019-06-03,31.32,57.27,23.85,4.51,0.43,4.37,50.09,71.0,Satisfactory,28.84,57.42,23.31,5.08,0.36,2.42,24.97,69.0
Kolkata,2019-06-04,31.93,60.06,23.2,4.6,0.37,3.28,31.57,72.0,Satisfactory,31.32,57.27,23.85,4.51,0.43,4.37,50.09,71.0
Kolkata,2019-06-05,27.66,47.01,19.24,5.0,0.39,1.7,24.38,61.0,Satisfactory,31.93,60.06,23.2,4.6,0.37,3.28,31.57,72.0
Kolkata,2019-06-06,20.3,34.49,21.88,4.83,0.42,1.82,27.06,48.0,Good,27.66,47.01,19.24,5.0,0.39,1.7,24.38,61.0
Kolkata,2019-06-07,19.04,33.84,21.69,4.5,0.43,1.89,32.87,49.0,Good,20.3,34.49,21.88,4.83,0.42,1.82,27.06,48.0
Kolkata,2019-06-08,15.87,29.35,20.32,4.49,0.41,1.87,29.98,47.0,Good,19.04,33.84,21.69,4.5,0.43,1.89,32.87,49.0
Kolkata,2019-06-09,31.08,48.86,38.47,11.48,0.42,2.49,34.29,64.0,Satisfactory,15.87,29.35,20.32,4.49,0.41,1.87,29.98,47.0
Kolkata,2019-06-10,34.28,62.72,15.42,4.09,0.39,1.65,36.48,80.0,Satisfactory,31.08,48.86,38.47,11.48,0.42,2.49,34.29,64.0
Kolkata,2019-06-11,31.04,58.4,31.43,5.64,0.36,1.6,37.01,70.0,Satisfactory,34.28,62.72,15.42,4.09,0.39,1.65,36.48,80.0
Kolkata,2019-06-12,32.61,64.75,13.89,3.7,0.36,2.74,34.14,67.0,Satisfactory,31.04,58.4,31.43,5.64,0.36,1.6,37.01,70.0
Kolkata,2019-06-13,43.52,75.56,26.81,4.38,0.54,3.09,51.71,94.0,Satisfactory,32.61,64.75,13.89,3.7,0.36,2.74,34.14,67.0
Kolkata,2019-06-14,52.05,89.17,25.68,4.35,0.54,1.73,48.36,101.0,Moderate,43.52,75.56,26.81,4.38,0.54,3.09,51.71,94.0
Kolkata,2019-06-15,37.14,65.3,28.59,4.88,0.35,1.96,32.21,88.0,Satisfactory,52.05,89.17,25.68,4.35,0.54,1.73,48.36,101.0
Kolkata,2019-06-16,31.52,60.8,17.01,3.76,0.38,3.11,43.72,79.0,Satisfactory,37.14,65.3,28.59,4.88,0.35,1.96,32.21,88.0
Kolkata,2019-06-17,50.58,107.48,20.77,4.15,0.55,3.31,39.69,82.0,Satisfactory,31.52,60.8,17.01,3.76,0.38,3.11,43.72,79.0
Kolkata,2019-06-18,48.86,86.87,29.01,4.27,0.53,2.0,32.25,105.0,Moderate,50.58,107.48,20.77,4.15,0.55,3.31,39.69,82.0
Kolkata,2019-06-19,50.99,92.07,27.94,4.01,0.52,2.0,42.01,95.0,Satisfactory,48.86,86.87,29.01,4.27,0.53,2.0,32.25,105.0
Kolkata,2019-06-20,41.77,77.35,32.58,5.14,0.54,1.86,21.76,92.0,Satisfactory,50.99,92.07,27.94,4.01,0.52,2.0,42.01,95.0
Kolkata,2019-06-21,19.24,38.81,23.52,7.04,0.43,1.5,19.79,54.0,Satisfactory,41.77,77.35,32.58,5.14,0.54,1.86,21.76,92.0
Kolkata,2019-06-22,19.23,36.22,28.31,8.33,0.39,1.72,23.86,46.0,Good,19.24,38.81,23.52,7.04,0.43,1.5,19.79,54.0
Kolkata,2019-06-23,17.54,35.32,28.63,8.49,0.34,1.73,19.44,57.0,Satisfactory,19.23,36.22,28.31,8.33,0.39,1.72,23.86,46.0
Kolkata,2019-06-24,26.09,53.43,21.56,6.98,0.34,2.1,27.77,56.0,Satisfactory,17.54,35.32,28.63,8.49,0.34,1.73,19.44,57.0
Kolkata,2019-06-25,21.93,52.12,18.13,9.67,0.33,2.72,24.77,61.0,Satisfactory,26.09,53.43,21.56,6.98,0.34,2.1,27.77,56.0
Kolkata,2019-06-26,19.68,44.36,19.87,9.77,0.3,2.67,23.9,54.0,Satisfactory,21.93,52.12,18.13,9.67,0.33,2.72,24.77,61.0
Kolkata,2019-06-27,22.86,49.27,35.56,13.5,0.33,3.46,24.76,62.0,Satisfactory,19.68,44.36,19.87,9.77,0.3,2.67,23.9,54.0
Kolkata,2019-06-28,31.59,58.52,25.12,10.93,0.47,4.35,41.54,73.0,Satisfactory,22.86,49.27,35.56,13.5,0.33,3.46,24.76,62.0
Kolkata,2019-06-29,44.03,76.1,27.27,9.08,0.64,3.01,37.1,78.0,Satisfactory,31.59,58.52,25.12,10.93,0.47,4.35,41.54,73.0
Kolkata,2019-06-30,47.54,82.48,36.89,8.65,0.74,3.3,18.37,98.0,Satisfactory,44.03,76.1,27.27,9.08,0.64,3.01,37.1,78.0
Kolkata,2019-07-01,23.16,48.3,24.62,10.15,0.57,2.59,21.87,71.0,Satisfactory,47.54,82.48,36.89,8.65,0.74,3.3,18.37,98.0
Kolkata,2019-07-02,17.6,30.71,18.18,11.31,0.51,3.24,31.38,45.0,Good,23.16,48.3,24.62,10.15,0.57,2.59,21.87,71.0
Kolkata,2019-07-03,20.48,39.15,21.37,11.78,0.52,3.08,39.28,58.0,Satisfactory,17.6,30.71,18.18,11.31,0.51,3.24,31.38,45.0
Kolkata,2019-07-04,32.09,63.73,22.15,15.54,0.55,5.49,41.44,68.0,Satisfactory,20.48,39.15,21.37,11.78,0.52,3.08,39.28,58.0
Kolkata,2019-07-05,27.6,54.31,21.98,20.3,0.53,4.27,26.66,67.0,Satisfactory,32.09,63.73,22.15,15.54,0.55,5.49,41.44,68.0
Kolkata,2019-07-06,28.76,52.07,27.72,19.7,0.56,6.02,24.02,58.0,Satisfactory,27.6,54.31,21.98,20.3,0.53,4.27,26.66,67.0
Kolkata,2019-07-07,19.65,40.85,19.28,15.27,0.45,5.95,24.19,52.0,Satisfactory,28.76,52.07,27.72,19.7,0.56,6.02,24.02,58.0
Kolkata,2019-07-08,27.94,60.83,20.08,12.06,0.41,6.28,31.58,56.0,Satisfactory,19.65,40.85,19.28,15.27,0.45,5.95,24.19,52.0
Kolkata,2019-07-09,26.94,60.03,23.29,19.4,0.45,7.35,29.94,64.0,Satisfactory,27.94,60.83,20.08,12.06,0.41,6.28,31.58,56.0
Kolkata,2019-07-10,26.2,52.69,25.18,18.51,0.5,5.65,28.51,60.0,Satisfactory,26.94,60.03,23.29,19.4,0.45,7.35,29.94,64.0
Kolkata,2019-07-11,28.7,56.45,40.14,28.25,0.46,5.54,26.62,64.0,Satisfactory,26.2,52.69,25.18,18.51,0.5,5.65,28.51,60.0
Kolkata,2019-07-12,29.63,57.5,23.87,21.76,0.44,8.5,29.95,66.0,Satisfactory,28.7,56.45,40.14,28.25,0.46,5.54,26.62,64.0
Kolkata,2019-07-13,35.3,69.72,20.46,30.05,0.46,7.89,38.28,69.0,Satisfactory,29.63,57.5,23.87,21.76,0.44,8.5,29.95,66.0
Kolkata,2019-07-14,41.91,75.46,20.05,55.39,0.48,12.4,48.42,83.0,Satisfactory,35.3,69.72,20.46,30.05,0.46,7.89,38.28,69.0
Kolkata,2019-07-15,45.48,92.7,29.17,73.45,0.49,11.54,47.41,97.0,Satisfactory,41.91,75.46,20.05,55.39,0.48,12.4,48.42,83.0
Kolkata,2019-07-16,43.74,82.52,42.47,65.71,0.63,8.71,32.89,97.0,Satisfactory,45.48,92.7,29.17,73.45,0.49,11.54,47.41,97.0
Kolkata,2019-07-17,57.6,104.21,60.92,23.78,0.79,4.6,27.24,106.0,Moderate,43.74,82.52,42.47,65.71,0.63,8.71,32.89,97.0
Kolkata,2019-07-18,44.18,81.77,28.47,11.54,0.48,4.01,19.82,91.0,Satisfactory,57.6,104.21,60.92,23.78,0.79,4.6,27.24,106.0
Kolkata,2019-07-19,15.02,30.29,19.27,13.53,0.37,2.56,19.86,53.0,Satisfactory,44.18,81.77,28.47,11.54,0.48,4.01,19.82,91.0
Kolkata,2019-07-20,22.92,44.3,19.42,11.54,0.39,2.49,24.96,44.0,Good,15.02,30.29,19.27,13.53,0.37,2.56,19.86,53.0
Kolkata,2019-07-21,25.98,47.27,17.02,8.99,0.4,5.23,28.79,54.0,Satisfactory,22.92,44.3,19.42,11.54,0.39,2.49,24.96,44.0
Kolkata,2019-07-22,19.9,43.33,19.9,11.88,0.37,3.5,19.35,50.0,Good,25.98,47.27,17.02,8.99,0.4,5.23,28.79,54.0
Kolkata,2019-07-23,16.06,34.69,20.78,8.85,0.37,4.71,15.84,47.0,Good,19.9,43.33,19.9,11.88,0.37,3.5,19.35,50.0
Kolkata,2019-07-24,14.63,33.81,24.72,8.27,0.38,6.15,20.87,44.0,Good,16.06,34.69,20.78,8.85,0.37,4.71,15.84,47.0
Kolkata,2019-07-25,36.9,63.34,35.93,8.03,0.54,9.84,32.75,60.0,Satisfactory,14.63,33.81,24.72,8.27,0.38,6.15,20.87,44.0
Kolkata,2019-07-26,32.16,50.27,33.43,10.25,0.52,4.1,22.94,66.0,Satisfactory,36.9,63.34,35.93,8.03,0.54,9.84,32.75,60.0
Kolkata,2019-07-27,25.09,40.45,37.9,9.98,0.54,3.04,19.16,56.0,Satisfactory,32.16,50.27,33.43,10.25,0.52,4.1,22.94,66.0
Kolkata,2019-07-28,12.07,23.33,18.79,9.13,0.41,2.55,17.95,43.0,Good,25.09,40.45,37.9,9.98,0.54,3.04,19.16,56.0
Kolkata,2019-07-29,10.12,20.56,25.32,8.11,0.44,2.34,21.18,33.0,Good,12.07,23.33,18.79,9.13,0.41,2.55,17.95,43.0
Kolkata,2019-07-30,21.44,43.61,31.25,7.88,0.5,2.65,17.36,44.0,Good,10.12,20.56,25.32,8.11,0.44,2.34,21.18,33.0
Kolkata,2019-07-31,23.4,48.28,32.49,8.49,0.52,3.43,21.95,54.0,Satisfactory,21.44,43.61,31.25,7.88,0.5,2.65,17.36,44.0
Kolkata,2019-08-01,23.61,44.79,36.5,9.46,0.5,5.62,23.09,59.0,Satisfactory,23.4,48.28,32.49,8.49,0.52,3.43,21.95,54.0
Kolkata,2019-08-02,17.93,34.63,33.58,11.22,0.51,4.42,17.22,46.0,Good,23.61,44.79,36.5,9.46,0.5,5.62,23.09,59.0
Kolkata,2019-08-03,25.22,40.82,38.44,18.44,0.62,4.23,13.88,64.0,Satisfactory,17.93,34.63,33.58,11.22,0.51,4.42,17.22,46.0
Kolkata,2019-08-04,39.37,62.25,34.72,13.94,0.78,2.99,17.31,64.0,Satisfactory,25.22,40.82,38.44,18.44,0.62,4.23,13.88,64.0
Kolkata,2019-08-05,33.97,57.32,29.84,10.98,0.7,2.75,18.39,73.0,Satisfactory,39.37,62.25,34.72,13.94,0.78,2.99,17.31,64.0
Kolkata,2019-08-06,25.88,45.47,40.29,12.46,0.6,3.4,13.95,65.0,Satisfactory,33.97,57.32,29.84,10.98,0.7,2.75,18.39,73.0
Kolkata,2019-08-07,9.07,16.56,17.38,12.7,0.35,2.12,24.01,38.0,Good,25.88,45.47,40.29,12.46,0.6,3.4,13.95,65.0
Kolkata,2019-08-08,11.36,22.78,24.05,9.84,0.4,2.49,14.48,34.0,Good,9.07,16.56,17.38,12.7,0.35,2.12,24.01,38.0
Kolkata,2019-08-09,21.7,45.74,26.26,9.3,0.48,8.29,17.08,43.0,Good,11.36,22.78,24.05,9.84,0.4,2.49,14.48,34.0
Kolkata,2019-08-10,32.78,58.33,46.0,9.02,0.71,5.93,19.0,61.0,Satisfactory,21.7,45.74,26.26,9.3,0.48,8.29,17.08,43.0
Kolkata,2019-08-11,45.57,75.21,64.04,10.32,0.79,5.42,17.37,105.0,Moderate,32.78,58.33,46.0,9.02,0.71,5.93,19.0,61.0
Kolkata,2019-08-12,29.86,51.62,36.39,11.79,0.65,5.07,11.21,68.0,Satisfactory,45.57,75.21,64.04,10.32,0.79,5.42,17.37,105.0
Kolkata,2019-08-13,13.17,22.97,23.81,11.33,0.49,3.5,16.11,48.0,Good,29.86,51.62,36.39,11.79,0.65,5.07,11.21,68.0
Kolkata,2019-08-14,29.6,54.22,27.35,10.46,0.44,3.99,18.14,45.0,Good,13.17,22.97,23.81,11.33,0.49,3.5,16.11,48.0
Kolkata,2019-08-15,25.81,40.62,22.47,8.42,0.47,4.27,17.42,56.0,Satisfactory,29.6,54.22,27.35,10.46,0.44,3.99,18.14,45.0
Kolkata,2019-08-16,27.99,47.39,25.53,11.58,0.55,2.63,17.18,51.0,Satisfactory,25.81,40.62,22.47,8.42,0.47,4.27,17.42,56.0
Kolkata,2019-08-17,20.92,26.95,27.0,14.84,0.57,2.14,15.6,48.0,Good,27.99,47.39,25.53,11.58,0.55,2.63,17.18,51.0
Kolkata,2019-08-18,18.3,24.3,18.57,11.63,0.46,2.49,23.59,46.0,Good,20.92,26.95,27.0,14.84,0.57,2.14,15.6,48.0
Kolkata,2019-08-19,13.95,30.32,22.21,11.51,0.44,2.37,20.74,39.0,Good,18.3,24.3,18.57,11.63,0.46,2.49,23.59,46.0
Kolkata,2019-08-20,27.41,46.94,27.65,11.93,0.49,4.33,22.33,50.0,Good,13.95,30.32,22.21,11.51,0.44,2.37,20.74,39.0
Kolkata,2019-08-21,30.31,52.58,24.58,10.14,0.43,3.01,18.13,58.0,Satisfactory,27.41,46.94,27.65,11.93,0.49,4.33,22.33,50.0
Kolkata,2019-08-22,31.91,55.66,29.36,10.05,0.44,3.74,17.54,64.0,Satisfactory,30.31,52.58,24.58,10.14,0.43,3.01,18.13,58.0
Kolkata,2019-08-23,18.15,30.42,35.75,10.61,0.5,2.54,16.79,62.0,Satisfactory,31.91,55.66,29.36,10.05,0.44,3.74,17.54,64.0
Kolkata,2019-08-24,18.41,32.41,36.9,15.53,0.52,2.6,13.15,55.0,Satisfactory,18.15,30.42,35.75,10.61,0.5,2.54,16.79,62.0
Kolkata,2019-08-25,13.74,24.22,24.21,10.58,0.4,2.63,24.58,50.0,Good,18.41,32.41,36.9,15.53,0.52,2.6,13.15,55.0
Kolkata,2019-08-26,12.82,22.87,26.58,11.7,0.41,3.91,25.8,49.0,Good,13.74,24.22,24.21,10.58,0.4,2.63,24.58,50.0
Kolkata,2019-08-27,16.68,28.91,24.22,11.55,0.42,3.03,21.5,43.0,Good,12.82,22.87,26.58,11.7,0.41,3.91,25.8,49.0
Kolkata,2019-08-28,24.71,40.02,35.58,11.55,0.5,3.24,16.55,51.0,Satisfactory,16.68,28.91,24.22,11.55,0.42,3.03,21.5,43.0
Kolkata,2019-08-29,14.31,29.09,33.02,9.74,0.44,2.95,14.89,54.0,Satisfactory,24.71,40.02,35.58,11.55,0.5,3.24,16.55,51.0
Kolkata,2019-08-30,18.83,36.56,24.06,10.58,0.4,2.92,14.54,47.0,Good,14.31,29.09,33.02,9.74,0.44,2.95,14.89,54.0
Kolkata,2019-08-31,16.54,35.74,24.46,12.45,0.38,3.43,15.37,40.0,Good,18.83,36.56,24.06,10.58,0.4,2.92,14.54,47.0
Kolkata,2019-09-01,26.16,50.5,26.02,12.37,0.48,3.54,18.66,50.0,Good,16.54,35.74,24.46,12.45,0.38,3.43,15.37,40.0
Kolkata,2019-09-02,15.99,32.01,42.46,15.43,0.5,2.98,12.49,53.0,Satisfactory,26.16,50.5,26.02,12.37,0.48,3.54,18.66,50.0
Kolkata,2019-09-03,10.64,19.67,25.61,31.02,0.46,3.06,13.67,48.0,Good,15.99,32.01,42.46,15.43,0.5,2.98,12.49,53.0
Kolkata,2019-09-04,10.37,21.58,16.45,8.86,0.39,3.71,15.78,39.0,Good,10.64,19.67,25.61,31.02,0.46,3.06,13.67,48.0
Kolkata,2019-09-05,10.02,21.17,18.86,11.23,0.38,3.44,18.85,34.0,Good,10.37,21.58,16.45,8.86,0.39,3.71,15.78,39.0
Kolkata,2019-09-06,8.77,20.17,19.24,13.53,0.36,3.66,20.62,34.0,Good,10.02,21.17,18.86,11.23,0.38,3.44,18.85,34.0
Kolkata,2019-09-07,11.06,21.3,19.42,13.16,0.42,3.3,17.55,34.0,Good,8.77,20.17,19.24,13.53,0.36,3.66,20.62,34.0
Kolkata,2019-09-08,12.63,23.51,21.28,9.32,0.42,3.04,16.11,36.0,Good,11.06,21.3,19.42,13.16,0.42,3.3,17.55,34.0
Kolkata,2019-09-09,18.89,33.89,20.16,14.19,0.4,4.14,25.56,49.0,Good,12.63,23.51,21.28,9.32,0.42,3.04,16.11,36.0
Kolkata,2019-09-10,20.96,43.09,15.97,16.92,0.39,3.36,27.4,49.0,Good,18.89,33.89,20.16,14.19,0.4,4.14,25.56,49.0
Kolkata,2019-09-11,15.06,34.89,22.48,13.58,0.46,3.91,18.56,50.0,Good,20.96,43.09,15.97,16.92,0.39,3.36,27.4,49.0
Kolkata,2019-09-12,18.3,34.87,27.28,15.07,0.45,3.62,11.89,43.0,Good,15.06,34.89,22.48,13.58,0.46,3.91,18.56,50.0
Kolkata,2019-09-13,13.73,39.58,22.35,13.49,0.38,4.15,20.21,44.0,Good,18.3,34.87,27.28,15.07,0.45,3.62,11.89,43.0
Kolkata,2019-09-14,18.34,50.45,23.26,10.47,0.39,4.57,33.92,59.0,Satisfactory,13.73,39.58,22.35,13.49,0.38,4.15,20.21,44.0
Kolkata,2019-09-15,22.12,54.31,20.26,8.36,0.34,7.32,41.67,74.0,Satisfactory,18.34,50.45,23.26,10.47,0.39,4.57,33.92,59.0
Kolkata,2019-09-16,20.66,46.43,20.24,10.92,0.37,5.23,26.68,53.0,Satisfactory,22.12,54.31,20.26,8.36,0.34,7.32,41.67,74.0
Kolkata,2019-09-17,19.19,38.64,18.91,12.69,0.35,4.23,15.73,45.0,Good,20.66,46.43,20.24,10.92,0.37,5.23,26.68,53.0
Kolkata,2019-09-18,12.38,26.69,18.06,9.94,0.37,3.59,17.47,37.0,Good,19.19,38.64,18.91,12.69,0.35,4.23,15.73,45.0
Kolkata,2019-09-19,9.88,22.6,18.63,9.6,0.37,3.35,14.86,33.0,Good,12.38,26.69,18.06,9.94,0.37,3.59,17.47,37.0
Kolkata,2019-09-20,20.57,44.33,38.48,11.8,0.55,5.1,20.25,54.0,Satisfactory,9.88,22.6,18.63,9.6,0.37,3.35,14.86,33.0
Kolkata,2019-09-21,26.92,54.04,46.95,12.86,0.6,6.07,19.36,74.0,Satisfactory,20.57,44.33,38.48,11.8,0.55,5.1,20.25,54.0
Kolkata,2019-09-22,22.27,39.76,28.26,11.41,0.52,3.85,23.79,61.0,Satisfactory,26.92,54.04,46.95,12.86,0.6,6.07,19.36,74.0
Kolkata,2019-09-23,13.46,27.79,20.36,10.81,0.44,3.93,23.79,44.0,Good,22.27,39.76,28.26,11.41,0.52,3.85,23.79,61.0
Kolkata,2019-09-24,7.86,19.38,19.05,10.95,0.32,3.52,15.08,31.0,Good,13.46,27.79,20.36,10.81,0.44,3.93,23.79,44.0
Kolkata,2019-09-25,11.71,22.26,28.02,9.79,0.53,3.39,10.42,36.0,Good,7.86,19.38,19.05,10.95,0.32,3.52,15.08,31.0
Kolkata,2019-09-26,18.45,31.97,28.81,10.36,0.53,4.13,16.25,46.0,Good,11.71,22.26,28.02,9.79,0.53,3.39,10.42,36.0
Kolkata,2019-09-27,19.27,33.53,32.53,12.21,0.53,4.82,18.09,48.0,Good,18.45,31.97,28.81,10.36,0.53,4.13,16.25,46.0
Kolkata,2019-09-28,19.66,33.92,35.71,13.45,0.56,4.81,12.16,47.0,Good,19.27,33.53,32.53,12.21,0.53,4.82,18.09,48.0
Kolkata,2019-09-29,14.96,26.69,25.86,10.91,0.44,3.97,15.97,44.0,Good,19.66,33.92,35.71,13.45,0.56,4.81,12.16,47.0
Kolkata,2019-09-30,14.36,30.44,27.37,12.37,0.43,6.14,20.4,42.0,Good,14.96,26.69,25.86,10.91,0.44,3.97,15.97,44.0
Kolkata,2019-10-01,32.51,61.75,33.94,12.94,0.57,8.09,25.58,56.0,Satisfactory,14.36,30.44,27.37,12.37,0.43,6.14,20.4,42.0
Kolkata,2019-10-02,53.48,90.6,37.62,12.05,0.7,7.47,33.08,86.0,Satisfactory,32.51,61.75,33.94,12.94,0.57,8.09,25.58,56.0
Kolkata,2019-10-03,38.11,65.5,33.91,12.51,0.6,5.36,24.73,78.0,Satisfactory,53.48,90.6,37.62,12.05,0.7,7.47,33.08,86.0
Kolkata,2019-10-04,32.16,58.42,25.58,13.25,0.49,7.52,35.75,70.0,Satisfactory,38.11,65.5,33.91,12.51,0.6,5.36,24.73,78.0
Kolkata,2019-10-05,36.38,66.53,40.0,11.1,0.69,5.51,28.48,72.0,Satisfactory,32.16,58.42,25.58,13.25,0.49,7.52,35.75,70.0
Kolkata,2019-10-06,41.4,76.92,39.51,9.86,0.67,4.99,25.91,90.0,Satisfactory,36.38,66.53,40.0,11.1,0.69,5.51,28.48,72.0
Kolkata,2019-10-07,33.22,65.76,34.22,8.97,0.67,4.4,26.62,77.0,Satisfactory,41.4,76.92,39.51,9.86,0.67,4.99,25.91,90.0
Kolkata,2019-10-08,25.16,55.33,37.51,9.89,0.66,4.05,22.52,78.0,Satisfactory,33.22,65.76,34.22,8.97,0.67,4.4,26.62,77.0
Kolkata,2019-10-09,11.61,30.49,21.29,9.3,0.38,4.14,19.3,51.0,Satisfactory,25.16,55.33,37.51,9.89,0.66,4.05,22.52,78.0
Kolkata,2019-10-10,14.75,52.87,35.72,9.22,0.62,4.72,16.92,51.0,Satisfactory,11.61,30.49,21.29,9.3,0.38,4.14,19.3,51.0
Kolkata,2019-10-11,37.23,66.97,62.43,11.88,0.94,5.52,23.79,95.0,Satisfactory,14.75,52.87,35.72,9.22,0.62,4.72,16.92,51.0
Kolkata,2019-10-12,50.35,82.16,70.28,9.34,1.07,4.31,31.44,110.0,Moderate,37.23,66.97,62.43,11.88,0.94,5.52,23.79,95.0
Kolkata,2019-10-13,69.61,108.35,45.64,9.41,0.74,6.85,32.84,116.0,Moderate,50.35,82.16,70.28,9.34,1.07,4.31,31.44,110.0
Kolkata,2019-10-14,69.89,107.38,38.63,10.3,0.63,7.36,52.83,148.0,Moderate,69.61,108.35,45.64,9.41,0.74,6.85,32.84,116.0
Kolkata,2019-10-15,64.09,103.94,39.45,11.66,0.7,6.33,50.55,135.0,Moderate,69.89,107.38,38.63,10.3,0.63,7.36,52.83,148.0
Kolkata,2019-10-16,56.62,92.76,46.71,12.09,0.76,4.47,34.19,129.0,Moderate,64.09,103.94,39.45,11.66,0.7,6.33,50.55,135.0
Kolkata,2019-10-17,50.03,85.23,58.24,12.26,0.86,6.51,21.23,94.0,Satisfactory,56.62,92.76,46.71,12.09,0.76,4.47,34.19,129.0
Kolkata,2019-10-18,62.88,108.38,87.26,13.14,1.17,6.9,29.78,149.0,Moderate,50.03,85.23,58.24,12.26,0.86,6.51,21.23,94.0
Kolkata,2019-10-19,61.12,105.64,69.35,11.71,1.03,4.32,35.19,145.0,Moderate,62.88,108.38,87.26,13.14,1.17,6.9,29.78,149.0
Kolkata,2019-10-20,63.0,101.4,45.48,10.42,0.85,5.15,40.98,118.0,Moderate,61.12,105.64,69.35,11.71,1.03,4.32,35.19,145.0
Kolkata,2019-10-21,87.18,128.62,43.03,11.18,0.82,7.23,43.72,184.0,Moderate,63.0,101.4,45.48,10.42,0.85,5.15,40.98,118.0
Kolkata,2019-10-22,68.66,111.63,59.45,11.14,0.91,8.61,38.38,174.0,Moderate,87.18,128.62,43.03,11.18,0.82,7.23,43.72,184.0
Kolkata,2019-10-23,83.63,130.56,61.7,12.43,0.99,6.64,35.29,181.0,Moderate,68.66,111.63,59.45,11.14,0.91,8.61,38.38,174.0
Kolkata,2019-10-24,34.47,58.82,31.51,12.34,0.51,4.18,33.2,121.0,Moderate,83.63,130.56,61.7,12.43,0.99,6.64,35.29,181.0
Kolkata,2019-10-25,17.39,42.0,28.21,14.18,0.46,4.27,22.57,55.0,Satisfactory,34.47,58.82,31.51,12.34,0.51,4.18,33.2,121.0
Kolkata,2019-10-26,33.33,63.66,36.42,10.78,0.66,6.74,14.61,54.0,Satisfactory,17.39,42.0,28.21,14.18,0.46,4.27,22.57,55.0
Kolkata,2019-10-27,97.83,133.73,48.02,10.95,0.69,9.55,21.29,114.0,Moderate,33.33,63.66,36.42,10.78,0.66,6.74,14.61,54.0
Kolkata,2019-10-28,129.59,180.39,41.48,13.41,0.57,11.25,30.33,289.0,Poor,97.83,133.73,48.02,10.95,0.69,9.55,21.29,114.0
Kolkata,2019-10-29,120.12,177.4,55.32,12.98,0.74,9.68,27.19,265.0,Poor,129.59,180.39,41.48,13.41,0.57,11.25,30.33,289.0
Kolkata,2019-10-30,102.54,171.02,65.82,14.44,0.93,8.75,30.65,251.0,Poor,120.12,177.4,55.32,12.98,0.74,9.68,27.19,265.0
Kolkata,2019-10-31,106.31,200.92,82.35,17.03,1.22,8.71,35.61,255.0,Poor,102.54,171.02,65.82,14.44,0.93,8.75,30.65,251.0
Kolkata,2019-11-01,101.59,211.21,104.08,17.99,1.33,9.44,40.02,249.0,Poor,106.31,200.92,82.35,17.03,1.22,8.71,35.61,255.0
Kolkata,2019-11-02,75.18,157.84,66.18,18.4,0.9,10.2,37.77,195.0,Moderate,101.59,211.21,104.08,17.99,1.33,9.44,40.02,249.0
Kolkata,2019-11-03,67.16,136.63,54.45,18.45,0.78,8.63,34.9,140.0,Moderate,75.18,157.84,66.18,18.4,0.9,10.2,37.77,195.0
Kolkata,2019-11-04,71.91,147.98,88.9,16.59,1.09,8.48,35.16,133.0,Moderate,67.16,136.63,54.45,18.45,0.78,8.63,34.9,140.0
Kolkata,2019-11-05,118.34,221.56,88.37,16.67,1.39,11.49,42.73,208.0,Poor,71.91,147.98,88.9,16.59,1.09,8.48,35.16,133.0
Kolkata,2019-11-06,141.21,244.81,67.98,18.07,1.3,9.59,49.62,296.0,Poor,118.34,221.56,88.37,16.67,1.39,11.49,42.73,208.0
Kolkata,2019-11-07,88.07,180.18,81.19,19.12,0.95,11.24,41.41,236.0,Poor,141.21,244.81,67.98,18.07,1.3,9.59,49.62,296.0
Kolkata,2019-11-08,50.55,103.92,41.23,19.43,0.59,6.13,29.77,159.0,Moderate,88.07,180.18,81.19,19.12,0.95,11.24,41.41,236.0
Kolkata,2019-11-09,11.92,34.15,21.94,16.9,0.43,5.26,30.06,64.0,Satisfactory,50.55,103.92,41.23,19.43,0.59,6.13,29.77,159.0
Kolkata,2019-11-10,19.4,43.14,25.71,13.62,0.51,6.03,37.37,53.0,Satisfactory,11.92,34.15,21.94,16.9,0.43,5.26,30.06,64.0
Kolkata,2019-11-11,31.74,81.19,59.18,12.38,0.95,8.63,21.54,70.0,Satisfactory,19.4,43.14,25.71,13.62,0.51,6.03,37.37,53.0
Kolkata,2019-11-12,83.3,181.97,147.85,27.04,1.71,11.53,32.19,173.0,Moderate,31.74,81.19,59.18,12.38,0.95,8.63,21.54,70.0
Kolkata,2019-11-13,93.94,204.82,117.62,29.31,1.37,12.42,36.07,240.0,Poor,83.3,181.97,147.85,27.04,1.71,11.53,32.19,173.0
Kolkata,2019-11-14,78.47,171.14,101.9,23.66,1.19,11.15,31.36,199.0,Moderate,93.94,204.82,117.62,29.31,1.37,12.42,36.07,240.0
Kolkata,2019-11-15,73.73,161.01,113.96,25.83,1.3,9.17,27.47,186.0,Moderate,78.47,171.14,101.9,23.66,1.19,11.15,31.36,199.0
Kolkata,2019-11-16,86.92,170.48,122.19,26.43,1.33,10.57,36.57,187.0,Moderate,73.73,161.01,113.96,25.83,1.3,9.17,27.47,186.0
Kolkata,2019-11-17,91.89,178.88,119.98,27.14,1.31,13.74,34.36,207.0,Poor,86.92,170.48,122.19,26.43,1.33,10.57,36.57,187.0
Kolkata,2019-11-18,106.34,203.72,131.48,24.74,1.55,14.33,36.15,235.0,Poor,91.89,178.88,119.98,27.14,1.31,13.74,34.36,207.0
Kolkata,2019-11-19,94.08,208.28,123.02,27.35,1.38,13.49,41.82,246.0,Poor,106.34,203.72,131.48,24.74,1.55,14.33,36.15,235.0
Kolkata,2019-11-20,93.97,195.42,162.54,30.5,1.57,11.74,39.23,237.0,Poor,94.08,208.28,123.02,27.35,1.38,13.49,41.82,246.0
Kolkata,2019-11-21,90.03,183.8,105.16,31.22,1.14,11.62,42.51,216.0,Poor,93.97,195.42,162.54,30.5,1.57,11.74,39.23,237.0
Kolkata,2019-11-22,89.43,187.94,100.86,29.84,1.08,13.85,41.21,197.0,Moderate,90.03,183.8,105.16,31.22,1.14,11.62,42.51,216.0
Kolkata,2019-11-23,110.7,222.67,123.61,31.07,1.36,18.3,41.56,234.0,Poor,89.43,187.94,100.86,29.84,1.08,13.85,41.21,197.0
Kolkata,2019-11-24,132.43,258.0,139.23,30.21,1.45,11.68,39.64,295.0,Poor,110.7,222.67,123.61,31.07,1.36,18.3,41.56,234.0
Kolkata,2019-11-25,117.23,233.93,127.99,28.58,1.52,9.97,42.48,278.0,Poor,132.43,258.0,139.23,30.21,1.45,11.68,39.64,295.0
Kolkata,2019-11-26,117.32,229.43,145.73,29.69,1.93,7.12,35.96,279.0,Poor,117.23,233.93,127.99,28.58,1.52,9.97,42.48,278.0
Kolkata,2019-11-27,114.92,232.5,115.33,27.83,1.47,8.3,41.27,276.0,Poor,117.32,229.43,145.73,29.69,1.93,7.12,35.96,279.0
Kolkata,2019-11-28,74.28,156.41,92.95,24.42,1.13,8.09,35.04,211.0,Poor,114.92,232.5,115.33,27.83,1.47,8.3,41.27,276.0
Kolkata,2019-11-29,83.26,170.19,120.73,25.1,1.48,9.25,33.83,207.0,Poor,74.28,156.41,92.95,24.42,1.13,8.09,35.04,211.0
Kolkata,2019-11-30,107.68,224.99,142.7,25.16,1.83,14.33,32.56,242.0,Poor,83.26,170.19,120.73,25.1,1.48,9.25,33.83,207.0
Kolkata,2019-12-01,92.93,192.04,121.36,22.43,1.36,9.74,33.74,247.0,Poor,107.68,224.99,142.7,25.16,1.83,14.33,32.56,242.0
Kolkata,2019-12-02,82.72,165.95,115.0,21.82,1.27,10.82,33.8,191.0,Moderate,92.93,192.04,121.36,22.43,1.36,9.74,33.74,247.0
Kolkata,2019-12-03,95.06,202.55,120.88,28.27,1.22,12.92,36.38,205.0,Poor,82.72,165.95,115.0,21.82,1.27,10.82,33.8,191.0
Kolkata,2019-12-04,101.36,203.24,105.46,29.08,1.22,15.09,36.22,241.0,Poor,95.06,202.55,120.88,28.27,1.22,12.92,36.38,205.0
Kolkata,2019-12-05,85.69,173.56,84.09,26.58,1.06,13.24,35.88,202.0,Poor,101.36,203.24,105.46,29.08,1.22,15.09,36.22,241.0
Kolkata,2019-12-06,71.72,143.09,92.79,25.75,0.97,9.53,32.72,183.0,Moderate,85.69,173.56,84.09,26.58,1.06,13.24,35.88,202.0
Kolkata,2019-12-07,68.23,152.71,132.12,29.46,1.27,12.53,28.53,163.0,Moderate,71.72,143.09,92.79,25.75,0.97,9.53,32.72,183.0
Kolkata,2019-12-08,76.4,163.09,121.73,29.94,1.13,16.61,25.83,201.0,Poor,68.23,152.71,132.12,29.46,1.27,12.53,28.53,163.0
Kolkata,2019-12-09,61.42,135.43,74.3,25.61,0.87,13.04,36.19,129.0,Moderate,76.4,163.09,121.73,29.94,1.13,16.61,25.83,201.0
Kolkata,2019-12-10,57.4,136.04,83.24,26.79,0.72,12.22,43.22,151.0,Moderate,61.42,135.43,74.3,25.61,0.87,13.04,36.19,129.0
Kolkata,2019-12-11,74.26,149.7,62.55,26.53,0.83,11.73,48.36,146.0,Moderate,57.4,136.04,83.24,26.79,0.72,12.22,43.22,151.0
Kolkata,2019-12-12,67.18,140.94,59.36,23.73,0.88,10.6,38.79,139.0,Moderate,74.26,149.7,62.55,26.53,0.83,11.73,48.36,146.0
Kolkata,2019-12-13,101.93,185.67,60.84,23.41,1.01,13.1,44.65,193.0,Moderate,67.18,140.94,59.36,23.73,0.88,10.6,38.79,139.0
Kolkata,2019-12-14,121.48,228.18,88.08,22.81,1.29,14.43,41.67,257.0,Poor,101.93,185.67,60.84,23.41,1.01,13.1,44.65,193.0
Kolkata,2019-12-15,96.64,186.46,67.17,23.7,0.96,11.96,39.54,269.0,Poor,121.48,228.18,88.08,22.81,1.29,14.43,41.67,257.0
Kolkata,2019-12-16,60.88,131.04,56.78,21.73,0.74,16.57,31.63,159.0,Moderate,96.64,186.46,67.17,23.7,0.96,11.96,39.54,269.0
Kolkata,2019-12-17,65.04,139.55,60.14,20.85,0.81,14.42,35.12,129.0,Moderate,60.88,131.04,56.78,21.73,0.74,16.57,31.63,159.0
Kolkata,2019-12-18,69.51,152.91,47.0,21.4,0.74,12.95,44.6,143.0,Moderate,65.04,139.55,60.14,20.85,0.81,14.42,35.12,129.0
Kolkata,2019-12-19,68.66,150.99,49.18,21.81,0.67,15.32,38.31,145.0,Moderate,69.51,152.91,47.0,21.4,0.74,12.95,44.6,143.0
Kolkata,2019-12-20,83.06,185.51,79.65,23.67,1.12,13.97,36.92,165.0,Moderate,68.66,150.99,49.18,21.81,0.67,15.32,38.31,145.0
Kolkata,2019-12-21,121.14,248.22,101.01,27.78,1.38,13.41,32.14,258.0,Poor,83.06,185.51,79.65,23.67,1.12,13.97,36.92,165.0
Kolkata,2019-12-22,109.38,220.65,62.02,24.24,1.29,8.08,28.06,253.0,Poor,121.14,248.22,101.01,27.78,1.38,13.41,32.14,258.0
Kolkata,2019-12-23,120.65,234.99,62.12,26.28,1.19,10.05,37.72,274.0,Poor,109.38,220.65,62.02,24.24,1.29,8.08,28.06,253.0
Kolkata,2019-12-24,123.92,262.53,96.2,29.43,1.75,13.56,34.37,295.0,Poor,120.65,234.99,62.12,26.28,1.19,10.05,37.72,274.0
Kolkata,2019-12-25,104.65,231.11,165.9,31.69,2.09,11.59,33.36,274.0,Poor,123.92,262.53,96.2,29.43,1.75,13.56,34.37,295.0
Kolkata,2019-12-26,107.72,217.34,98.47,28.97,1.56,11.57,26.93,269.0,Poor,104.65,231.11,165.9,31.69,2.09,11.59,33.36,274.0
Kolkata,2019-12-27,79.44,144.61,48.0,27.49,0.96,12.59,34.64,179.0,Moderate,107.72,217.34,98.47,28.97,1.56,11.57,26.93,269.0
Kolkata,2019-12-28,118.6,212.65,55.28,24.3,1.44,16.25,28.33,251.0,Poor,79.44,144.61,48.0,27.49,0.96,12.59,34.64,179.0
Kolkata,2019-12-29,95.05,177.8,67.98,25.24,1.22,16.33,34.9,241.0,Poor,118.6,212.65,55.28,24.3,1.44,16.25,28.33,251.0
Kolkata,2019-12-30,114.01,220.29,103.29,30.36,1.59,18.39,27.94,235.0,Poor,95.05,177.8,67.98,25.24,1.22,16.33,34.9,241.0
Kolkata,2019-12-31,128.67,235.51,143.92,34.42,2.04,18.82,26.28,289.0,Poor,114.01,220.29,103.29,30.36,1.59,18.39,27.94,235.0
Kolkata,2020-01-01,128.62,247.05,149.92,34.09,2.09,19.89,26.8,298.0,Poor,128.67,235.51,143.92,34.42,2.04,18.82,26.28,289.0
Kolkata,2020-01-02,114.73,220.19,98.99,31.09,1.62,18.57,25.11,267.0,Poor,128.62,247.05,149.92,34.09,2.09,19.89,26.8,298.0
Kolkata,2020-01-03,54.29,100.05,55.61,30.4,0.84,12.35,14.97,201.0,Poor,114.73,220.19,98.99,31.09,1.62,18.57,25.11,267.0
Kolkata,2020-01-04,47.11,96.07,89.54,30.58,1.29,11.3,9.01,91.0,Satisfactory,54.29,100.05,55.61,30.4,0.84,12.35,14.97,201.0
Kolkata,2020-01-05,91.78,170.2,125.79,33.6,1.79,12.03,9.37,182.0,Moderate,47.11,96.07,89.54,30.58,1.29,11.3,9.01,91.0
Kolkata,2020-01-06,94.41,179.61,132.87,31.25,1.66,12.34,24.44,217.0,Poor,91.78,170.2,125.79,33.6,1.79,12.03,9.37,182.0
Kolkata,2020-01-07,101.15,197.16,68.32,27.7,1.24,14.61,32.44,203.0,Poor,94.41,179.61,132.87,31.25,1.66,12.34,24.44,217.0
Kolkata,2020-01-08,107.83,220.72,107.26,30.95,1.2,12.53,30.36,264.0,Poor,101.15,197.16,68.32,27.7,1.24,14.61,32.44,203.0
Kolkata,2020-01-09,84.88,160.64,91.95,26.41,1.09,12.02,20.64,200.0,Moderate,107.83,220.72,107.26,30.95,1.2,12.53,30.36,264.0
Kolkata,2020-01-10,84.49,158.8,72.64,27.64,0.89,16.04,25.17,179.0,Moderate,84.88,160.64,91.95,26.41,1.09,12.02,20.64,200.0
Kolkata,2020-01-11,78.54,149.81,67.03,24.99,0.94,15.92,31.37,162.0,Moderate,84.49,158.8,72.64,27.64,0.89,16.04,25.17,179.0
Kolkata,2020-01-12,83.17,156.39,86.0,24.13,0.99,14.48,33.94,194.0,Moderate,78.54,149.81,67.03,24.99,0.94,15.92,31.37,162.0
Kolkata,2020-01-13,89.03,191.22,119.82,28.94,1.27,15.24,35.6,184.0,Moderate,83.17,156.39,86.0,24.13,0.99,14.48,33.94,194.0
Kolkata,2020-01-14,146.7,269.95,214.54,35.36,2.15,15.48,31.08,286.0,Poor,89.03,191.22,119.82,28.94,1.27,15.24,35.6,184.0
Kolkata,2020-01-15,176.49,325.84,224.09,39.65,2.22,19.24,35.41,338.0,Very Poor,146.7,269.95,214.54,35.36,2.15,15.48,31.08,286.0
Kolkata,2020-01-16,145.88,256.22,170.71,35.15,1.79,13.07,38.31,347.0,Very Poor,176.49,325.84,224.09,39.65,2.22,19.24,35.41,338.0
Kolkata,2020-01-17,111.02,211.36,171.93,35.51,1.48,13.02,34.49,277.0,Poor,145.88,256.22,170.71,35.15,1.79,13.07,38.31,347.0
Kolkata,2020-01-18,82.65,167.5,140.68,27.53,1.22,17.28,31.83,219.0,Poor,111.02,211.36,171.93,35.51,1.48,13.02,34.49,277.0
Kolkata,2020-01-19,83.41,176.12,93.6,31.03,1.01,14.21,34.6,196.0,Moderate,82.65,167.5,140.68,27.53,1.22,17.28,31.83,219.0
Kolkata,2020-01-20,62.35,125.7,60.07,23.2,0.8,12.65,39.43,148.0,Moderate,83.41,176.12,93.6,31.03,1.01,14.21,34.6,196.0
Kolkata,2020-01-21,75.02,157.98,105.24,23.12,1.11,13.18,39.37,172.0,Moderate,62.35,125.7,60.07,23.2,0.8,12.65,39.43,148.0
Kolkata,2020-01-22,102.79,200.55,149.82,27.56,1.14,13.87,38.81,229.0,Poor,75.02,157.98,105.24,23.12,1.11,13.18,39.37,172.0
Kolkata,2020-01-23,118.1,211.3,88.68,20.97,1.04,14.76,35.86,260.0,Poor,102.79,200.55,149.82,27.56,1.14,13.87,38.81,229.0
Kolkata,2020-01-24,84.27,164.39,109.03,21.23,0.93,15.39,38.16,248.0,Poor,118.1,211.3,88.68,20.97,1.04,14.76,35.86,260.0
Kolkata,2020-01-25,62.5,134.22,89.28,21.4,0.7,13.91,48.05,157.0,Moderate,84.27,164.39,109.03,21.23,0.93,15.39,38.16,248.0
Kolkata,2020-01-26,106.39,197.16,146.25,25.26,1.21,13.82,44.09,234.0,Poor,62.5,134.22,89.28,21.4,0.7,13.91,48.05,157.0
Kolkata,2020-01-27,107.8,216.85,123.03,26.97,1.23,12.15,40.5,254.0,Poor,106.39,197.16,146.25,25.26,1.21,13.82,44.09,234.0
Kolkata,2020-01-28,115.41,221.71,100.08,28.54,0.96,14.29,50.09,278.0,Poor,107.8,216.85,123.03,26.97,1.23,12.15,40.5,254.0
Kolkata,2020-01-29,51.86,121.15,46.36,30.89,0.48,9.23,48.43,175.0,Moderate,115.41,221.71,100.08,28.54,0.96,14.29,50.09,278.0
Kolkata,2020-01-30,56.91,118.12,60.37,24.69,0.81,8.57,31.85,102.0,Moderate,51.86,121.15,46.36,30.89,0.48,9.23,48.43,175.0
Kolkata,2020-01-31,73.09,154.08,100.07,27.8,0.88,11.97,36.63,163.0,Moderate,56.91,118.12,60.37,24.69,0.81,8.57,31.85,102.0
Kolkata,2020-02-01,61.11,135.39,106.07,25.27,0.81,13.1,42.88,159.0,Moderate,73.09,154.08,100.07,27.8,0.88,11.97,36.63,163.0
Kolkata,2020-02-02,67.01,158.46,122.47,29.23,0.98,14.75,40.56,174.0,Moderate,61.11,135.39,106.07,25.27,0.81,13.1,42.88,159.0
Kolkata,2020-02-03,66.42,139.53,106.17,26.17,0.83,10.73,43.77,156.0,Moderate,67.01,158.46,122.47,29.23,0.98,14.75,40.56,174.0
Kolkata,2020-02-04,79.24,168.58,124.05,29.31,0.9,17.62,41.3,184.0,Moderate,66.42,139.53,106.17,26.17,0.83,10.73,43.77,156.0
Kolkata,2020-02-05,101.36,203.72,113.86,27.79,0.95,27.0,47.61,222.0,Poor,79.24,168.58,124.05,29.31,0.9,17.62,41.3,184.0
Kolkata,2020-02-06,78.36,161.52,87.99,25.32,0.81,13.53,38.61,192.0,Moderate,101.36,203.72,113.86,27.79,0.95,27.0,47.61,222.0
Kolkata,2020-02-07,80.67,180.94,80.68,24.99,0.74,13.6,34.87,189.0,Moderate,78.36,161.52,87.99,25.32,0.81,13.53,38.61,192.0
Kolkata,2020-02-08,110.11,225.37,77.9,21.25,0.91,19.06,16.94,217.0,Poor,80.67,180.94,80.68,24.99,0.74,13.6,34.87,189.0
Kolkata,2020-02-09,89.17,174.34,75.49,20.03,0.77,13.76,36.55,246.0,Poor,110.11,225.37,77.9,21.25,0.91,19.06,16.94,217.0
Kolkata,2020-02-10,80.91,169.09,114.08,20.84,0.86,13.03,39.91,196.0,Moderate,89.17,174.34,75.49,20.03,0.77,13.76,36.55,246.0
Kolkata,2020-02-11,106.37,210.54,162.32,24.81,1.23,14.93,42.54,241.0,Poor,80.91,169.09,114.08,20.84,0.86,13.03,39.91,196.0
Kolkata,2020-02-12,101.11,203.59,192.55,26.78,1.44,14.79,44.09,247.0,Poor,106.37,210.54,162.32,24.81,1.23,14.93,42.54,241.0
Kolkata,2020-02-13,99.03,204.3,148.11,25.53,1.11,13.39,40.69,240.0,Poor,101.11,203.59,192.55,26.78,1.44,14.79,44.09,247.0
Kolkata,2020-02-14,106.87,217.18,153.8,33.36,1.12,19.36,44.77,254.0,Poor,99.03,204.3,148.11,25.53,1.11,13.39,40.69,240.0
Kolkata,2020-02-15,71.25,157.73,114.34,29.58,0.88,14.99,43.65,185.0,Moderate,106.87,217.18,153.8,33.36,1.12,19.36,44.77,254.0
Kolkata,2020-02-16,100.15,211.64,126.21,33.1,0.97,15.38,45.41,219.0,Poor,71.25,157.73,114.34,29.58,0.88,14.99,43.65,185.0
Kolkata,2020-02-17,101.37,207.97,118.95,33.49,0.96,13.14,45.61,228.0,Poor,100.15,211.64,126.21,33.1,0.97,15.38,45.41,219.0
Kolkata,2020-02-18,92.52,190.61,88.24,35.44,0.82,12.79,44.8,226.0,Poor,101.37,207.97,118.95,33.49,0.96,13.14,45.61,228.0
Kolkata,2020-02-19,84.06,157.66,56.58,39.24,0.53,29.47,44.52,203.0,Poor,92.52,190.61,88.24,35.44,0.82,12.79,44.8,226.0
Kolkata,2020-02-20,58.63,115.09,45.59,29.37,0.44,24.4,48.09,157.0,Moderate,84.06,157.66,56.58,39.24,0.53,29.47,44.52,203.0
Kolkata,2020-02-21,81.15,175.18,108.0,28.02,0.86,12.45,38.87,162.0,Moderate,58.63,115.09,45.59,29.37,0.44,24.4,48.09,157.0
Kolkata,2020-02-22,107.24,208.66,115.93,28.94,1.0,15.01,48.21,242.0,Poor,81.15,175.18,108.0,28.02,0.86,12.45,38.87,162.0
Kolkata,2020-02-23,94.78,189.57,86.54,30.88,0.78,11.4,39.25,233.0,Poor,107.24,208.66,115.93,28.94,1.0,15.01,48.21,242.0
Kolkata,2020-02-24,106.36,205.48,111.64,36.52,0.97,12.99,26.89,209.0,Poor,94.78,189.57,86.54,30.88,0.78,11.4,39.25,233.0
Kolkata,2020-02-25,82.03,136.88,78.26,35.78,0.75,8.34,16.49,237.0,Poor,106.36,205.48,111.64,36.52,0.97,12.99,26.89,209.0
Kolkata,2020-02-26,40.94,84.42,63.34,32.19,0.51,11.03,27.21,116.0,Moderate,82.03,136.88,78.26,35.78,0.75,8.34,16.49,237.0
Kolkata,2020-02-27,45.0,89.71,65.07,28.23,0.67,11.59,37.56,91.0,Satisfactory,40.94,84.42,63.34,32.19,0.51,11.03,27.21,116.0
Kolkata,2020-02-28,73.23,141.5,67.78,26.35,0.78,10.72,45.84,142.0,Moderate,45.0,89.71,65.07,28.23,0.67,11.59,37.56,91.0
Kolkata,2020-02-29,73.68,141.14,97.62,28.26,0.92,11.26,44.83,167.0,Moderate,73.23,141.5,67.78,26.35,0.78,10.72,45.84,142.0
Kolkata,2020-03-01,92.08,173.74,115.46,29.07,1.22,13.39,48.24,196.0,Moderate,73.68,141.14,97.62,28.26,0.92,11.26,44.83,167.0
Kolkata,2020-03-02,97.45,183.82,99.7,27.63,1.09,14.25,41.92,222.0,Poor,92.08,173.74,115.46,29.07,1.22,13.39,48.24,196.0
Kolkata,2020-03-03,82.48,149.76,49.24,28.48,0.81,10.52,49.7,194.0,Moderate,97.45,183.82,99.7,27.63,1.09,14.25,41.92,222.0
Kolkata,2020-03-04,50.13,86.22,39.69,26.21,0.6,11.45,37.8,127.0,Moderate,82.48,149.76,49.24,28.48,0.81,10.52,49.7,194.0
Kolkata,2020-03-05,34.26,71.62,49.13,25.91,0.68,9.3,33.35,89.0,Satisfactory,50.13,86.22,39.69,26.21,0.6,11.45,37.8,127.0
Kolkata,2020-03-06,36.1,72.34,50.34,24.57,0.6,8.44,21.39,90.0,Satisfactory,34.26,71.62,49.13,25.91,0.68,9.3,33.35,89.0
Kolkata,2020-03-07,32.81,58.09,34.7,24.09,0.67,8.05,27.46,69.0,Satisfactory,36.1,72.34,50.34,24.57,0.6,8.44,21.39,90.0
Kolkata,2020-03-08,37.96,73.49,50.59,23.21,0.8,9.51,31.98,82.0,Satisfactory,32.81,58.09,34.7,24.09,0.67,8.05,27.46,69.0
Kolkata,2020-03-09,57.01,110.73,56.18,22.91,0.72,11.02,49.97,128.0,Moderate,37.96,73.49,50.59,23.21,0.8,9.51,31.98,82.0
Kolkata,2020-03-10,65.59,119.8,53.35,22.14,0.87,12.04,57.59,149.0,Moderate,57.01,110.73,56.18,22.91,0.72,11.02,49.97,128.0
Kolkata,2020-03-11,56.77,111.27,37.2,23.59,0.67,13.6,59.48,143.0,Moderate,65.59,119.8,53.35,22.14,0.87,12.04,57.59,149.0
Kolkata,2020-03-12,57.54,114.2,41.39,24.25,0.72,12.66,36.42,120.0,Moderate,56.77,111.27,37.2,23.59,0.67,13.6,59.48,143.0
Kolkata,2020-03-13,57.2,110.82,49.84,24.08,0.83,11.76,41.17,126.0,Moderate,57.54,114.2,41.39,24.25,0.72,12.66,36.42,120.0
Kolkata,2020-03-14,52.17,110.27,29.75,23.42,0.55,9.19,56.6,132.0,Moderate,57.2,110.82,49.84,24.08,0.83,11.76,41.17,126.0
Kolkata,2020-03-15,23.34,55.65,33.42,23.08,0.54,11.89,47.47,92.0,Satisfactory,52.17,110.27,29.75,23.42,0.55,9.19,56.6,132.0
Kolkata,2020-03-16,56.05,116.34,55.35,23.07,0.85,20.02,46.0,107.0,Moderate,23.34,55.65,33.42,23.08,0.54,11.89,47.47,92.0
Kolkata,2020-03-17,61.94,118.28,54.0,22.89,0.83,10.65,53.69,138.0,Moderate,56.05,116.34,55.35,23.07,0.85,20.02,46.0,107.0
Kolkata,2020-03-18,77.16,148.45,61.03,25.06,0.93,13.79,55.84,156.0,Moderate,61.94,118.28,54.0,22.89,0.83,10.65,53.69,138.0
Kolkata,2020-03-19,86.38,149.16,65.46,22.38,0.83,15.41,61.26,207.0,Poor,77.16,148.45,61.03,25.06,0.93,13.79,55.84,156.0
Kolkata,2020-03-20,42.09,82.64,43.24,21.18,0.63,14.56,62.06,139.0,Moderate,86.38,149.16,65.46,22.38,0.83,15.41,61.26,207.0
Kolkata,2020-03-21,47.22,86.73,39.57,21.54,0.55,14.65,55.33,117.0,Moderate,42.09,82.64,43.24,21.18,0.63,14.56,62.06,139.0
Kolkata,2020-03-22,16.18,30.44,22.63,19.72,0.38,8.37,57.24,83.0,Satisfactory,47.22,86.73,39.57,21.54,0.55,14.65,55.33,117.0
Kolkata,2020-03-23,29.31,56.35,24.39,20.61,0.53,10.22,62.0,99.0,Satisfactory,16.18,30.44,22.63,19.72,0.38,8.37,57.24,83.0
Kolkata,2020-03-24,33.21,52.19,19.53,19.63,0.52,9.68,48.07,88.0,Satisfactory,29.31,56.35,24.39,20.61,0.53,10.22,62.0,99.0
Kolkata,2020-03-25,53.01,77.59,21.92,19.44,0.57,12.52,44.48,96.0,Satisfactory,33.21,52.19,19.53,19.63,0.52,9.68,48.07,88.0
Kolkata,2020-03-26,37.02,60.49,20.02,19.23,0.52,6.8,47.17,95.0,Satisfactory,53.01,77.59,21.92,19.44,0.57,12.52,44.48,96.0
Kolkata,2020-03-27,48.1,83.63,20.16,18.61,0.55,11.62,60.57,106.0,Moderate,37.02,60.49,20.02,19.23,0.52,6.8,47.17,95.0
Kolkata,2020-03-28,46.57,77.11,21.9,18.62,0.57,11.46,58.18,100.0,Satisfactory,48.1,83.63,20.16,18.61,0.55,11.62,60.57,106.0
Kolkata,2020-03-29,40.85,68.04,19.36,18.28,0.54,9.52,64.88,101.0,Moderate,46.57,77.11,21.9,18.62,0.57,11.46,58.18,100.0
Kolkata,2020-03-30,43.56,71.92,21.58,18.02,0.54,10.03,68.67,107.0,Moderate,40.85,68.04,19.36,18.28,0.54,9.52,64.88,101.0
Kolkata,2020-03-31,44.67,76.1,24.25,18.77,0.54,9.83,66.03,110.0,Moderate,43.56,71.92,21.58,18.02,0.54,10.03,68.67,107.0
Kolkata,2020-04-01,50.19,78.52,17.49,19.22,0.57,11.65,69.65,117.0,Moderate,44.67,76.1,24.25,18.77,0.54,9.83,66.03,110.0
Kolkata,2020-04-02,42.51,62.04,16.97,17.94,0.56,7.73,59.02,100.0,Satisfactory,50.19,78.52,17.49,19.22,0.57,11.65,69.65,117.0
Kolkata,2020-04-03,43.08,71.67,18.42,17.37,0.62,7.33,58.44,100.0,Satisfactory,42.51,62.04,16.97,17.94,0.56,7.73,59.02,100.0
Kolkata,2020-04-04,60.85,100.15,20.07,17.56,0.55,9.55,74.08,129.0,Moderate,43.08,71.67,18.42,17.37,0.62,7.33,58.44,100.0
Kolkata,2020-04-05,47.78,75.16,17.57,17.75,0.45,9.11,62.77,112.0,Moderate,60.85,100.15,20.07,17.56,0.55,9.55,74.08,129.0
Kolkata,2020-04-06,38.78,70.1,19.83,16.75,0.41,9.56,49.58,96.0,Satisfactory,47.78,75.16,17.57,17.75,0.45,9.11,62.77,112.0
Kolkata,2020-04-07,39.33,74.46,16.34,16.76,0.39,13.28,63.72,95.0,Satisfactory,38.78,70.1,19.83,16.75,0.41,9.56,49.58,96.0
Kolkata,2020-04-08,23.45,48.43,16.93,16.23,0.34,10.0,57.56,82.0,Satisfactory,39.33,74.46,16.34,16.76,0.39,13.28,63.72,95.0
Kolkata,2020-04-09,20.26,43.54,17.5,15.23,0.33,12.12,74.55,100.0,Satisfactory,23.45,48.43,16.93,16.23,0.34,10.0,57.56,82.0
Kolkata,2020-04-10,19.11,37.8,13.56,15.46,0.38,8.23,51.65,79.0,Satisfactory,20.26,43.54,17.5,15.23,0.33,12.12,74.55,100.0
Kolkata,2020-04-11,18.03,39.16,13.21,15.25,0.35,7.51,45.52,62.0,Satisfactory,19.11,37.8,13.56,15.46,0.38,8.23,51.65,79.0
Kolkata,2020-04-12,23.56,57.98,13.35,14.97,0.34,6.94,44.6,60.0,Satisfactory,18.03,39.16,13.21,15.25,0.35,7.51,45.52,62.0
Kolkata,2020-04-13,24.5,48.39,11.98,14.12,0.38,6.8,42.03,65.0,Satisfactory,23.56,57.98,13.35,14.97,0.34,6.94,44.6,60.0
Kolkata,2020-04-14,26.65,50.91,10.12,12.72,0.37,5.31,36.61,56.0,Satisfactory,24.5,48.39,11.98,14.12,0.38,6.8,42.03,65.0
Kolkata,2020-04-15,24.33,55.61,12.02,12.38,0.37,6.88,38.78,59.0,Satisfactory,26.65,50.91,10.12,12.72,0.37,5.31,36.61,56.0
Kolkata,2020-04-16,30.15,62.36,16.09,13.6,0.41,6.99,37.99,68.0,Satisfactory,24.33,55.61,12.02,12.38,0.37,6.88,38.78,59.0
Kolkata,2020-04-17,21.85,45.57,11.72,13.43,0.34,7.69,39.34,62.0,Satisfactory,30.15,62.36,16.09,13.6,0.41,6.99,37.99,68.0
Kolkata,2020-04-18,18.37,39.71,12.9,12.76,0.36,8.1,32.05,48.0,Good,21.85,45.57,11.72,13.43,0.34,7.69,39.34,62.0
Kolkata,2020-04-19,13.35,31.37,12.64,13.4,0.32,8.07,51.59,67.0,Satisfactory,18.37,39.71,12.9,12.76,0.36,8.1,32.05,48.0
Kolkata,2020-04-20,14.57,30.86,11.52,12.55,0.34,6.68,31.48,45.0,Good,13.35,31.37,12.64,13.4,0.32,8.07,51.59,67.0
Kolkata,2020-04-21,11.81,24.7,16.42,12.34,0.34,6.26,41.06,56.0,Satisfactory,14.57,30.86,11.52,12.55,0.34,6.68,31.48,45.0
Kolkata,2020-04-22,16.18,29.16,14.22,12.43,0.34,9.8,39.33,56.0,Satisfactory,11.81,24.7,16.42,12.34,0.34,6.26,41.06,56.0
Kolkata,2020-04-23,13.48,27.12,13.08,12.63,0.32,6.14,25.54,41.0,Good,16.18,29.16,14.22,12.43,0.34,9.8,39.33,56.0
Kolkata,2020-04-24,10.49,23.68,12.58,12.42,0.33,7.5,36.42,44.0,Good,13.48,27.12,13.08,12.63,0.32,6.14,25.54,41.0
Kolkata,2020-04-25,15.3,29.63,12.72,12.36,0.33,7.45,47.67,59.0,Satisfactory,10.49,23.68,12.58,12.42,0.33,7.5,36.42,44.0
Kolkata,2020-04-26,15.74,27.95,12.4,12.13,0.34,6.61,48.65,59.0,Satisfactory,15.3,29.63,12.72,12.36,0.33,7.45,47.67,59.0
Kolkata,2020-04-27,10.67,36.11,12.12,12.23,0.32,5.52,33.34,44.0,Good,15.74,27.95,12.4,12.13,0.34,6.61,48.65,59.0
Kolkata,2020-04-28,7.71,19.98,13.15,12.33,0.34,5.21,29.82,45.0,Good,10.67,36.11,12.12,12.23,0.32,5.52,33.34,44.0
Kolkata,2020-04-29,16.66,31.0,14.83,12.57,0.36,6.04,35.37,51.0,Satisfactory,7.71,19.98,13.15,12.33,0.34,5.21,29.82,45.0
Kolkata,2020-04-30,13.88,29.3,13.02,12.71,0.31,7.42,38.95,54.0,Satisfactory,16.66,31.0,14.83,12.57,0.36,6.04,35.37,51.0
Kolkata,2020-05-01,10.46,25.57,12.09,12.52,0.29,5.88,37.78,51.0,Satisfactory,13.88,29.3,13.02,12.71,0.31,7.42,38.95,54.0
Kolkata,2020-05-02,16.81,32.46,14.88,12.49,0.39,5.57,30.12,49.0,Good,10.46,25.57,12.09,12.52,0.29,5.88,37.78,51.0
Kolkata,2020-05-03,18.04,32.98,13.21,13.04,0.38,5.76,42.05,57.0,Satisfactory,16.81,32.46,14.88,12.49,0.39,5.57,30.12,49.0
Kolkata,2020-05-04,22.15,42.76,13.71,12.4,0.38,5.25,32.76,50.0,Good,18.04,32.98,13.21,13.04,0.38,5.76,42.05,57.0
Kolkata,2020-05-05,17.49,35.85,12.46,11.35,0.34,5.75,33.08,50.0,Good,22.15,42.76,13.71,12.4,0.38,5.25,32.76,50.0
Kolkata,2020-05-06,12.66,27.77,14.08,11.21,0.36,6.73,42.34,61.0,Satisfactory,17.49,35.85,12.46,11.35,0.34,5.75,33.08,50.0
Kolkata,2020-05-07,16.77,34.69,13.65,11.0,0.32,5.95,41.97,59.0,Satisfactory,12.66,27.77,14.08,11.21,0.36,6.73,42.34,61.0
Kolkata,2020-05-08,16.16,32.48,11.89,11.47,0.34,6.29,51.29,64.0,Satisfactory,16.77,34.69,13.65,11.0,0.32,5.95,41.97,59.0
Kolkata,2020-05-09,21.76,44.67,12.16,11.28,0.36,5.5,48.86,73.0,Satisfactory,16.16,32.48,11.89,11.47,0.34,6.29,51.29,64.0
Kolkata,2020-05-10,19.3,42.14,9.66,9.96,0.34,5.4,41.11,63.0,Satisfactory,21.76,44.67,12.16,11.28,0.36,5.5,48.86,73.0
Kolkata,2020-05-11,19.21,41.4,12.05,8.35,0.38,6.44,60.31,75.0,Satisfactory,19.3,42.14,9.66,9.96,0.34,5.4,41.11,63.0
Kolkata,2020-05-12,29.09,59.6,13.65,7.25,0.38,10.2,63.85,97.0,Satisfactory,19.21,41.4,12.05,8.35,0.38,6.44,60.31,75.0
Kolkata,2020-05-13,24.23,53.11,10.29,7.27,0.29,8.82,38.78,71.0,Satisfactory,29.09,59.6,13.65,7.25,0.38,10.2,63.85,97.0
Kolkata,2020-05-14,16.61,41.75,8.86,7.09,0.26,5.95,27.15,52.0,Satisfactory,24.23,53.11,10.29,7.27,0.29,8.82,38.78,71.0
Kolkata,2020-05-15,12.3,31.18,8.71,6.88,0.27,5.58,23.89,44.0,Good,16.61,41.75,8.86,7.09,0.26,5.95,27.15,52.0
Kolkata,2020-05-16,11.23,30.52,8.55,6.68,0.27,5.08,25.59,44.0,Good,12.3,31.18,8.71,6.88,0.27,5.58,23.89,44.0
Kolkata,2020-05-17,10.61,31.76,8.77,6.39,0.28,5.26,26.23,50.0,Good,11.23,30.52,8.55,6.68,0.27,5.08,25.59,44.0
Kolkata,2020-05-18,12.93,33.06,9.63,6.63,0.28,4.03,17.99,38.0,Good,10.61,31.76,8.77,6.39,0.28,5.26,26.23,50.0
Kolkata,2020-05-19,8.32,22.93,9.82,7.39,0.28,3.71,17.86,32.0,Good,12.93,33.06,9.63,6.63,0.28,4.03,17.99,38.0
Kolkata,2020-05-20,10.3,23.54,10.31,9.29,0.26,4.79,31.72,39.0,Good,8.32,22.93,9.82,7.39,0.28,3.71,17.86,32.0
Kolkata,2020-05-21,7.3,32.25,10.57,8.02,0.36,4.39,24.14,37.0,Good,10.3,23.54,10.31,9.29,0.26,4.79,31.72,39.0
Kolkata,2020-05-22,17.4,38.11,10.28,7.59,0.36,4.44,26.47,47.0,Good,7.3,32.25,10.57,8.02,0.36,4.39,24.14,37.0
Kolkata,2020-05-23,21.78,55.17,8.59,9.64,0.34,3.9,27.39,50.0,Good,17.4,38.11,10.28,7.59,0.36,4.44,26.47,47.0
Kolkata,2020-05-24,18.89,49.54,8.07,9.92,0.35,5.09,27.68,49.0,Good,21.78,55.17,8.59,9.64,0.34,3.9,27.39,50.0
Kolkata,2020-05-25,16.54,51.67,8.09,10.04,0.34,5.28,25.14,48.0,Good,18.89,49.54,8.07,9.92,0.35,5.09,27.68,49.0
Kolkata,2020-05-26,15.14,47.74,8.64,9.09,0.34,6.54,21.19,46.0,Good,16.54,51.67,8.09,10.04,0.34,5.28,25.14,48.0
Kolkata,2020-05-27,13.81,39.88,9.45,9.03,0.33,5.8,22.34,43.0,Good,15.14,47.74,8.64,9.09,0.34,6.54,21.19,46.0
Kolkata,2020-05-28,15.07,31.97,14.26,8.75,0.41,5.29,31.07,47.0,Good,13.81,39.88,9.45,9.03,0.33,5.8,22.34,43.0
Kolkata,2020-05-29,17.5,38.8,11.5,9.76,0.36,5.79,34.45,55.0,Satisfactory,15.07,31.97,14.26,8.75,0.41,5.29,31.07,47.0
Kolkata,2020-05-30,15.02,37.46,10.0,11.59,0.33,4.99,30.64,52.0,Satisfactory,17.5,38.8,11.5,9.76,0.36,5.79,34.45,55.0
Kolkata,2020-05-31,14.29,32.47,10.93,11.53,0.37,5.52,35.27,55.0,Satisfactory,15.02,37.46,10.0,11.59,0.33,4.99,30.64,52.0
Kolkata,2020-06-01,12.65,32.89,14.08,11.93,0.34,6.54,28.56,45.0,Good,14.29,32.47,10.93,11.53,0.37,5.52,35.27,55.0
Kolkata,2020-06-02,12.76,34.52,14.75,10.78,0.34,7.45,33.19,51.0,Satisfactory,12.65,32.89,14.08,11.93,0.34,6.54,28.56,45.0
Kolkata,2020-06-03,14.58,33.88,15.08,10.95,0.35,8.73,40.32,63.0,Satisfactory,12.76,34.52,14.75,10.78,0.34,7.45,33.19,51.0
Kolkata,2020-06-04,16.0,36.33,10.67,8.89,0.33,7.57,28.36,52.0,Satisfactory,14.58,33.88,15.08,10.95,0.35,8.73,40.32,63.0
Kolkata,2020-06-05,11.25,28.39,10.97,9.35,0.32,6.83,30.31,46.0,Good,16.0,36.33,10.67,8.89,0.33,7.57,28.36,52.0
Kolkata,2020-06-06,16.85,41.15,15.68,10.68,0.36,6.88,40.43,59.0,Satisfactory,11.25,28.39,10.97,9.35,0.32,6.83,30.31,46.0
Kolkata,2020-06-07,24.22,48.4,13.06,8.74,0.39,6.07,40.49,67.0,Satisfactory,16.85,41.15,15.68,10.68,0.36,6.88,40.43,59.0
Kolkata,2020-06-08,23.13,43.41,18.2,8.64,0.43,9.67,31.1,59.0,Satisfactory,24.22,48.4,13.06,8.74,0.39,6.07,40.49,67.0
Kolkata,2020-06-09,19.63,43.1,13.94,9.12,0.35,16.76,26.42,54.0,Satisfactory,23.13,43.41,18.2,8.64,0.43,9.67,31.1,59.0
Kolkata,2020-06-10,14.39,35.54,13.59,8.65,0.35,5.5,20.74,40.0,Good,19.63,43.1,13.94,9.12,0.35,16.76,26.42,54.0
Kolkata,2020-06-11,6.99,21.41,13.74,8.14,0.37,4.65,18.87,32.0,Good,14.39,35.54,13.59,8.65,0.35,5.5,20.74,40.0
Kolkata,2020-06-12,8.7,22.11,15.2,8.52,0.37,5.05,21.71,38.0,Good,6.99,21.41,13.74,8.14,0.37,4.65,18.87,32.0
Kolkata,2020-06-13,8.96,25.88,13.68,8.81,0.38,4.69,20.87,38.0,Good,8.7,22.11,15.2,8.52,0.37,5.05,21.71,38.0
Kolkata,2020-06-14,9.93,25.89,12.34,8.37,0.36,4.56,17.17,32.0,Good,8.96,25.88,13.68,8.81,0.38,4.69,20.87,38.0
Kolkata,2020-06-15,11.99,31.75,13.94,9.37,0.37,4.65,19.79,34.0,Good,9.93,25.89,12.34,8.37,0.36,4.56,17.17,32.0
Kolkata,2020-06-16,9.9,27.05,14.34,8.64,0.36,5.44,24.17,47.0,Good,11.99,31.75,13.94,9.37,0.37,4.65,19.79,34.0
Kolkata,2020-06-17,14.57,41.37,16.77,9.69,0.39,5.29,21.46,50.0,Good,9.9,27.05,14.34,8.64,0.36,5.44,24.17,47.0
Kolkata,2020-06-18,15.18,39.77,15.67,9.53,0.37,5.71,24.53,47.0,Good,14.57,41.37,16.77,9.69,0.39,5.29,21.46,50.0
Kolkata,2020-06-19,18.5,46.04,15.91,10.15,0.39,5.75,26.06,50.0,Good,15.18,39.77,15.67,9.53,0.37,5.71,24.53,47.0
Kolkata,2020-06-20,11.11,34.98,12.21,11.48,0.34,5.45,18.8,45.0,Good,18.5,46.04,15.91,10.15,0.39,5.75,26.06,50.0
Kolkata,2020-06-21,9.3,27.62,11.38,11.6,0.35,5.75,25.04,37.0,Good,11.11,34.98,12.21,11.48,0.34,5.45,18.8,45.0
Kolkata,2020-06-22,13.7,36.69,13.5,11.77,0.36,5.45,27.12,42.0,Good,9.3,27.62,11.38,11.6,0.35,5.75,25.04,37.0
Kolkata,2020-06-23,15.9,43.17,13.86,11.16,0.37,4.63,21.69,45.0,Good,13.7,36.69,13.5,11.77,0.36,5.45,27.12,42.0
Kolkata,2020-06-24,16.98,50.87,14.09,11.66,0.35,5.9,23.51,52.0,Satisfactory,15.9,43.17,13.86,11.16,0.37,4.63,21.69,45.0
Kolkata,2020-06-25,15.53,43.63,13.74,10.32,0.32,7.69,20.39,52.0,Satisfactory,16.98,50.87,14.09,11.66,0.35,5.9,23.51,52.0
Kolkata,2020-06-26,9.59,28.44,14.35,10.35,0.34,8.2,22.66,42.0,Good,15.53,43.63,13.74,10.32,0.32,7.69,20.39,52.0
Kolkata,2020-06-27,7.89,24.73,14.52,8.39,0.35,5.73,23.14,37.0,Good,9.59,28.44,14.35,10.35,0.34,8.2,22.66,42.0
Kolkata,2020-06-28,10.58,25.56,18.62,6.92,0.38,5.92,27.76,43.0,Good,7.89,24.73,14.52,8.39,0.35,5.73,23.14,37.0
Kolkata,2020-06-29,14.53,32.4,21.45,7.59,0.45,7.01,30.64,48.0,Good,10.58,25.56,18.62,6.92,0.38,5.92,27.76,43.0
Kolkata,2020-06-30,14.0,35.85,18.12,9.64,0.37,5.66,24.59,47.0,Good,14.53,32.4,21.45,7.59,0.45,7.01,30.64,48.0
Kolkata,2020-07-01,10.53,31.58,16.29,12.87,0.3,4.32,15.52,45.0,Good,14.0,35.85,18.12,9.64,0.37,5.66,24.59,47.0
